-- phpMyAdmin SQL Dump
-- version 5.2.1
-- https://www.phpmyadmin.net/
--
-- Gép: 127.0.0.1
-- Létrehozás ideje: 2024. Ápr 17. 20:27
-- Kiszolgáló verziója: 10.4.32-MariaDB
-- PHP verzió: 8.2.12

SET SQL_MODE = "NO_AUTO_VALUE_ON_ZERO";
START TRANSACTION;
SET time_zone = "+00:00";


/*!40101 SET @OLD_CHARACTER_SET_CLIENT=@@CHARACTER_SET_CLIENT */;
/*!40101 SET @OLD_CHARACTER_SET_RESULTS=@@CHARACTER_SET_RESULTS */;
/*!40101 SET @OLD_COLLATION_CONNECTION=@@COLLATION_CONNECTION */;
/*!40101 SET NAMES utf8mb4 */;

--
-- Adatbázis: `ujmelo`
--
CREATE DATABASE IF NOT EXISTS `ujmelo` DEFAULT CHARACTER SET utf8mb4 COLLATE utf8mb4_general_ci;
USE `ujmelo`;

-- --------------------------------------------------------

--
-- Tábla szerkezet ehhez a táblához `advertisement`
--

CREATE TABLE `advertisement` (
  `advertisementID` int(11) NOT NULL,
  `companiesID` int(11) DEFAULT NULL,
  `title` varchar(35) DEFAULT NULL,
  `introduction` text DEFAULT NULL,
  `general` text DEFAULT NULL,
  `requirement` text DEFAULT NULL,
  `benefit` text DEFAULT NULL,
  `locationID` int(11) DEFAULT NULL,
  `categoryID` int(11) DEFAULT NULL,
  `wage` varchar(10) DEFAULT NULL,
  `createdAt` timestamp NOT NULL DEFAULT current_timestamp() ON UPDATE current_timestamp()
) ENGINE=InnoDB DEFAULT CHARSET=utf8mb4 COLLATE=utf8mb4_general_ci;

--
-- A tábla adatainak kiíratása `advertisement`
--

INSERT INTO `advertisement` (`advertisementID`, `companiesID`, `title`, `introduction`, `general`, `requirement`, `benefit`, `locationID`, `categoryID`, `wage`, `createdAt`) VALUES
(1, 3, 'Szoftvertesztelő', 'Csatlakozz szoftvertesztelőként csapatunkhoz, és segíts a fejlesztés alatt álló szoftverek minőségellenőrzésében és hibakeresésében.', 'Cégünk egy innovatív informatikai vállalkozás, amely magas minőségű szoftvermegoldásokat készít ügyfeleinek. Szoftvertesztelő csapatunkba új munkatársakat keresünk.', 'Tapasztalat és szakmai végzettség a szoftvertesztelés területén.\nKiváló analitikus és problémamegoldó képességek.\nPontosság és precizitás a tesztelési folyamatok során.\nJó kommunikációs képességek és csapatmunka-képesség.\nRugalmasság és gyors tanulási képesség.', 'Versenyképes fizetés és juttatási csomag.\nStabil munkahelyi háttér és fejlődési lehetőségek.\nSzakmai tréningek és tanulási lehetőségek.\nModern tesztelési eszközök és technikák használata.\nBarátságos munkakörnyezet és támogató csapat.', 16, 8, '3900', '2024-04-17 18:25:08'),
(2, 1, 'Bérszámfejtő', 'Csatlakozz az OTP Bank bérszámfejtő csapatához, és segíts az alkalmazottak bérszámfejtési folyamatainak hatékony és precíz lebonyolításában.', 'Az OTP Bank Magyarország egyik legnagyobb pénzintézete, amely kiemelkedően fontosnak tartja alkalmazottai jólétének és elégedettségének biztosítását. A bérszámfejtők felelősek az alkalmazottak bérszámfejtési folyamatainak kezeléséért és az ehhez kapcsolódó adminisztratív feladatokért.', 'Középfokú szakirányú végzettség gazdasági vagy számviteli területen.\nTapasztalat bérszámfejtési területen előnyt jelent.\nJó problémamegoldó és analitikus készség.\nPontosság és precizitás.\nJó kommunikációs és csapatmunka-készség.', 'Versenyképes fizetés és béren kívüli juttatási csomag.\nStabil munkahelyi háttér és karrierlehetőségek.\nSzakmai tréningek és továbbképzések.\nRugalmas munkaidő és home office lehetőség.\nBarátságos munkakörnyezet és kollégák.', 9, 15, '3200', '2024-04-17 18:04:53'),
(3, 1, 'Takarító', 'Csatlakozz az OTP Bank csapatához takarítóként, és segíts fenntartani a bankfiókok tiszta és higiénikus környezetét.', 'Az OTP Bank Magyarország vezető pénzintézete, amely folyamatosan törekszik ügyfelei kényelmének és elégedettségének biztosítására. A takarítók felelősek a bankfiókok napi takarítási feladatainak ellátásáért, biztosítva ezzel a rendezett és higiénikus környezetet.', 'Elhivatottság és pontosság a takarítási feladatok ellátásában.\nJó fizikai állóképesség.\nMegbízhatóság és önállóság.\nKépesség az egyszerűbb takarítószerek és eszközök használatára.\nRendszeres és rugalmas munkavégzés.', 'Versenyképes fizetés és béren kívüli juttatási csomag.\nStabil munkahelyi háttér és lehetőség hosszú távú együttműködésre.\nRugalmas munkaidő és munkavégzési lehetőségek.\nBarátságos munkakörnyezet és támogató munkatársak.\nEszköz- és felszerelésbiztosítás a takarítási feladatokhoz.', 1, 18, '1700', '2024-04-17 18:07:25'),
(4, 2, 'Burkoló mester', 'Csatlakozz vezető burkoló mesterként csapatunkhoz, és segíts munkatársainknak a minőségi burkolási munkák végrehajtásában.', 'Cégünk elismert burkoló vállalkozás, amely széleskörű burkolási szolgáltatásokat nyújt ügyfeleinek. Kiemelt figyelmet fordítunk a minőségi munkavégzésre és az ügyfél elégedettségére.', 'Tapasztalat és szakmai végzettség a burkolási munkák területén.\nVezetői és irányítási készségek.\nJó problémamegoldó és kommunikációs képességek.\nRugalmasság és csapatmunka-képesség.\nPontosság és precizitás a munkavégzés során.', 'Versenyképes fizetés és juttatási csomag.\nStabil munkahelyi háttér és fejlődési lehetőségek.\nSzakmai tréningek és továbbképzések.\nModern eszközök és felszerelések biztosítása.\nBarátságos munkakörnyezet és támogató csapat.', 2, 3, '4500', '2024-04-17 18:12:40'),
(5, 3, 'Frontend fejlesztő', 'Csatlakozz frontend fejlesztőként csapatunkhoz, és segíts a webes alkalmazások és felhasználói felületek fejlesztésében és optimalizálásában.', 'Cégünk egy dinamikusan fejlődő informatikai vállalkozás, amely magas színvonalú webes alkalmazásokat készít ügyfeleinek. Frontend fejlesztő csapatunkba új munkatársakat keresünk.', 'Tapasztalat és szakmai végzettség a frontend fejlesztés területén.\nKiváló ismeretek HTML, CSS és JavaScript területén.\nKreativitás és innovatív gondolkodásmód.\nJó problémamegoldó és kommunikációs képességek.\nRugalmasság és csapatmunka-képesség.', 'Versenyképes fizetés és juttatási csomag.\nStabil munkahelyi háttér és fejlődési lehetőségek.\nSzakmai tréningek és továbbképzések.\nModern fejlesztőeszközök és technológiák használata.\nBarátságos munkakörnyezet és támogató csapat.', 16, 8, '4500', '2024-04-17 18:25:36'),
(6, 2, 'Marketing menedzser', 'Csatlakozz marketing menedzserként csapatunkhoz, és segíts a cégünknek a piacon való hatékony megjelenésben és az ügyfelek elérésében.', 'Cégünk elismert burkoló vállalkozás, amely nagy hangsúlyt fektet a hatékony marketingstratégiák kidolgozására és végrehajtására.', 'Tapasztalat és szakmai végzettség a marketing területén.\nKreativitás és innovatív gondolkodásmód.\nKiváló kommunikációs és kapcsolatteremtő készségek.\nJó problémamegoldó és analitikus képességek.\nRugalmasság és időmenedzsment képesség.', 'Versenyképes fizetés és juttatási csomag.\nStabil munkahelyi háttér és fejlődési lehetőségek.\nSzakmai tréningek és továbbképzések.\nModern eszközök és technológiák használata.\nBarátságos munkakörnyezet és támogató csapat.', 2, 12, '3500', '2024-04-17 18:14:14'),
(7, 3, 'Hálózati szakember', 'Csatlakozz hálózati szakemberként csapatunkhoz, és segíts a vállalati hálózati infrastruktúra tervezésében, telepítésében és karbantartásában.', 'Cégünk egy vezető informatikai vállalkozás, amely széleskörű hálózati megoldásokat kínál ügyfeleinek. Szakértő csapatunk folyamatosan bővül, és új tagokat keresünk, akik csatlakoznának hozzánk hálózati szakemberként.', 'Tapasztalat és szakmai végzettség a hálózati területen.\nJó ismeretek a hálózati infrastruktúrák tervezésében és telepítésében.\nKiváló problémamegoldó és kommunikációs készségek.\nRugalmasság és csapatmunka-képesség.\nPrecizitás és megbízhatóság a munkavégzés során.', 'Versenyképes fizetés és juttatási csomag.\nStabil munkahelyi háttér és fejlődési lehetőségek.\nSzakmai tréningek és tanulási lehetőségek.\nModern eszközök és technológiák használata.\nBarátságos munkakörnyezet és támogató csapat.', 16, 8, '4500', '2024-04-17 18:20:21'),
(8, 2, 'Burkoló segédmunkás', 'Csatlakozz burkoló segédmunkásként csapatunkhoz, és segíts a burkoló mestereknek a kiváló minőségű burkolási munkák elvégzésében.', 'Cégünk elismert burkoló vállalkozás, amely magas színvonalú burkolási szolgáltatásokat kínál ügyfeleinek. Szakértő csapatunk folyamatosan bővül, és új tagokat keresünk.', 'Alapfokú szakmai ismeretek és tapasztalat a burkolási munkák területén.\nKépesség az egyszerűbb burkolószerek és eszközök használatára.\nJó fizikai állóképesség.\nMegbízhatóság és pontosság a munkavégzés során.\nRugalmas és csapatmunka-képesség.', 'Versenyképes fizetés és béren kívüli juttatások.\nStabil munkahelyi háttér és fejlődési lehetőségek.\nSzakmai tréningek és mentorálás a szakmai fejlődés érdekében.\nModern eszközök és felszerelések biztosítása.\nBarátságos munkakörnyezet és támogató csapat.', 2, 5, '2600', '2024-04-17 18:25:38'),
(9, 1, 'Banki ügyintéző', 'Csatlakozz az OTP Bank csapatához, és segíts ügyfeleinknek a pénzügyi tranzakciók lebonyolításában és a banki szolgáltatások igénybevételében.', 'Az OTP Bank Magyarország egyik vezető pénzintézete, amely széles körű banki szolgáltatásokat kínál ügyfeleinek. Ügyfélszolgálatunk folyamatosan bővül, és új munkatársakat keresünk, akik csatlakoznának hozzánk banki ügyintézőként. A banki ügyintézők fontos szerepet töltenek be az ügyfélkapcsolatok fenntartásában és a banki tranzakciók zökkenőmentes lebonyolításában.', 'Legalább középfokú végzettség.\nKiváló kommunikációs és problémamegoldó képességek.\nJó számítógépes ismeretek.\nRugalmasság és csapatmunka-képesség.\nPrecíz és megbízható munkavégzés.', 'Versenyképes fizetés és juttatási csomag.\nStabil munkahelyi háttér és fejlődési lehetőségek.\nSzakmai tréningek és továbbképzések.\nModern munkakörnyezet és eszközök.\nKiemelkedő cafeteria és egyéb béren kívüli juttatások.', 9, 15, '3400', '2024-04-17 18:25:10');

-- --------------------------------------------------------

--
-- Tábla szerkezet ehhez a táblához `applications`
--

CREATE TABLE `applications` (
  `userID` int(11) DEFAULT NULL,
  `advertisementID` int(11) DEFAULT NULL,
  `cv` varchar(255) DEFAULT NULL,
  `ml` varchar(255) DEFAULT NULL
) ENGINE=InnoDB DEFAULT CHARSET=utf8mb4 COLLATE=utf8mb4_general_ci;

--
-- A tábla adatainak kiíratása `applications`
--

INSERT INTO `applications` (`userID`, `advertisementID`, `cv`, `ml`) VALUES
(3, 2, '1713378209449-cv.pdf', '1713378209449-ml.pdf');

-- --------------------------------------------------------

--
-- Tábla szerkezet ehhez a táblához `category`
--

CREATE TABLE `category` (
  `categoryID` int(11) NOT NULL,
  `category` varchar(20) DEFAULT NULL
) ENGINE=InnoDB DEFAULT CHARSET=utf8mb4 COLLATE=utf8mb4_general_ci;

--
-- A tábla adatainak kiíratása `category`
--

INSERT INTO `category` (`categoryID`, `category`) VALUES
(1, 'Adminisztráció'),
(2, 'Egészségügy'),
(3, 'Építőipar'),
(4, 'Értékesítés'),
(5, 'Segédmunka'),
(6, 'Gyártás'),
(7, 'Emberi erőforrás'),
(8, 'Fejlesztés'),
(9, 'Telekommunikáció'),
(10, 'Jog'),
(11, 'Közigazgatás'),
(12, 'Marketing'),
(13, 'Mezőgazdaság'),
(14, 'Oktatás'),
(15, 'Pénzügy'),
(16, 'Ügyfélszolgálat'),
(17, 'Vendéglátás'),
(18, 'Fizikai');

-- --------------------------------------------------------

--
-- Tábla szerkezet ehhez a táblához `companies`
--

CREATE TABLE `companies` (
  `companiesID` int(11) NOT NULL,
  `name` varchar(40) DEFAULT NULL,
  `logo` varchar(255) DEFAULT NULL,
  `description` text DEFAULT NULL,
  `userID` int(11) DEFAULT NULL
) ENGINE=InnoDB DEFAULT CHARSET=utf8mb4 COLLATE=utf8mb4_general_ci;

--
-- A tábla adatainak kiíratása `companies`
--

INSERT INTO `companies` (`companiesID`, `name`, `logo`, `description`, `userID`) VALUES
(1, 'OTP Bank Zrt.', '1713376862060-otp-bank.png', 'Az OTP Bankcsoport Magyarország legnagyobb kereskedelmi bankja, Közép- és Kelet-Európa egyik legnagyobb független pénzügyi szolgáltatója, amely magánszemélyek és vállalati ügyfelek számára nyújt banki szolgáltatásokat.', 1),
(2, 'Burkoló-Most Kft.', '1713377389202-burkolo-most.png', 'Mi egyik lépést sem spóroljuk ki a burkolásból, így mindig minőségi burkolatot adunk át, ezért tudunk garanciát vállani a munkánkra.', 2),
(3, 'Solisko Informatika Kft.', '1713377858185-solisko.png', 'Egyedi igények, testreszabott IT megoldások gyorsan és érthetően!', 3);

-- --------------------------------------------------------

--
-- Tábla szerkezet ehhez a táblához `locations`
--

CREATE TABLE `locations` (
  `locationID` int(11) NOT NULL,
  `location` varchar(30) DEFAULT NULL
) ENGINE=InnoDB DEFAULT CHARSET=utf8mb4 COLLATE=utf8mb4_general_ci;

--
-- A tábla adatainak kiíratása `locations`
--

INSERT INTO `locations` (`locationID`, `location`) VALUES
(1, 'Budapest'),
(2, 'Szentendre'),
(3, 'Pilisszentlászló'),
(4, 'Budakalász'),
(5, 'Csobánka'),
(6, 'Szigetmonostor'),
(7, 'Leányfalu'),
(8, 'Pócsmegyer'),
(9, 'Pomáz'),
(10, 'Tahitótfalu'),
(11, 'Dunabogdány'),
(12, 'Kisoroszi'),
(13, 'Visegrád'),
(14, 'Dömös'),
(15, 'Pilismarót'),
(16, 'Érd'),
(17, 'Sóskút'),
(18, 'Pusztazámor'),
(19, 'Budaörs'),
(20, 'Törökbálint'),
(21, 'Diósd'),
(22, 'Biatorbágy'),
(23, 'Herceghalom'),
(24, 'Bicske'),
(25, 'Csabdi'),
(26, 'Mány'),
(27, 'Újbarok'),
(28, 'Szár'),
(29, 'Szárliget'),
(30, 'Páty'),
(31, 'Zsámbék'),
(32, 'Tök'),
(33, 'Perbál'),
(34, 'Pilisjászfalu'),
(35, 'Piliscsaba'),
(36, 'Solymár'),
(37, 'Pilisszentiván'),
(38, 'Pilisvörösvár'),
(39, 'Tinnye'),
(40, 'Telki'),
(41, 'Remeteszőlős'),
(42, 'Etyek'),
(43, 'Budakeszi'),
(44, 'Budajenő'),
(45, 'Nagykovácsi'),
(46, 'Pilisszántó'),
(47, 'Üröm'),
(48, 'Pilisborosjenő'),
(49, 'Pilisszentkereszt'),
(50, 'Dobogókő'),
(51, 'Gödöllő'),
(52, 'Szada'),
(53, 'Veresegyház'),
(54, 'Erdőkertes'),
(55, 'Valkó'),
(56, 'Vácszentlászló'),
(57, 'Zsámbok'),
(58, 'Isaszeg'),
(59, 'Dány'),
(60, 'Pécel'),
(61, 'Dunakeszi'),
(62, 'Göd'),
(63, 'Sződliget'),
(64, 'Sződ'),
(65, 'Csörög'),
(66, 'Csömör'),
(67, 'Nagytarcsa'),
(68, 'Kistarcsa'),
(69, 'Kerepes'),
(70, 'Mogyoród'),
(71, 'Fót'),
(72, 'Csomád'),
(73, 'Őrbottyán'),
(74, 'Vácrátót'),
(75, 'Váchartyán'),
(76, 'Kisnémedi'),
(77, 'Püspökszilágy'),
(78, 'Vácduka'),
(79, 'Aszód'),
(80, 'Kartal'),
(81, 'Verseg'),
(82, 'Kálló'),
(83, 'Erdőkürt'),
(84, 'Erdőtarcsa'),
(85, 'Iklad'),
(86, 'Domony'),
(87, 'Galgamácsa'),
(88, 'Vácegres'),
(89, 'Váckisújfalu'),
(90, 'Bag'),
(91, 'Hévízgyörk'),
(92, 'Galgahévíz'),
(93, 'Tura'),
(94, 'Monor'),
(95, 'Péteri'),
(96, 'Vasad'),
(97, 'Csévharaszt'),
(98, 'Pánd'),
(99, 'Káva'),
(100, 'Bénye'),
(101, 'Gomba'),
(102, 'Vecsés'),
(103, 'Üllő'),
(104, 'Gyömrő'),
(105, 'Ecser'),
(106, 'Maglód'),
(107, 'Mende'),
(108, 'Sülysáp'),
(109, 'Kóka'),
(110, 'Úri'),
(111, 'Tápiószecső'),
(112, 'Tóalmás'),
(113, 'Tápióság'),
(114, 'Szentmártonkáta'),
(115, 'Szentlőrinckáta'),
(116, 'Ráckeve'),
(117, 'Lórév'),
(118, 'Szigetszentmiklós'),
(119, 'Halásztelek'),
(120, 'Szigethalom'),
(121, 'Tököl'),
(122, 'Szigetcsép'),
(123, 'Szigetszentmárton'),
(124, 'Szigetújfalu'),
(125, 'Szigetbecse'),
(126, 'Makád'),
(127, 'Dunaharaszti'),
(128, 'Taksony'),
(129, 'Dunavarsány'),
(130, 'Délegyháza'),
(131, 'Áporka'),
(132, 'Majosháza'),
(133, 'Kiskunlacháza'),
(134, 'Dömsöd'),
(135, 'Apaj'),
(136, 'Bugyi'),
(137, 'Alsónémedi'),
(138, 'Gyál'),
(139, 'Felsőpakony'),
(140, 'Ócsa'),
(141, 'Inárcs'),
(142, 'Kakucs'),
(143, 'Újhartyán'),
(144, 'Dabas'),
(145, 'Tatárszentgyörgy'),
(146, 'Hernád'),
(147, 'Örkény'),
(148, 'Pusztavacs'),
(149, 'Táborfalva'),
(150, 'Dunaújváros'),
(151, 'Nagyvenyim'),
(152, 'Mezőfalva'),
(153, 'Daruszentmiklós'),
(154, 'Előszállás'),
(155, 'Nagykarácsony'),
(156, 'Baracs'),
(157, 'Kisapostag'),
(158, 'Perkáta'),
(159, 'Szabadegyháza'),
(160, 'Sárosd'),
(161, 'Hantos'),
(162, 'Nagylók'),
(163, 'Százhalombatta'),
(164, 'Ercsi'),
(165, 'Iváncsa'),
(166, 'Beloiannisz'),
(167, 'Besnyő'),
(168, 'Adony'),
(169, 'Kulcs'),
(170, 'Rácalmás'),
(171, 'Tárnok'),
(172, 'Martonvásár'),
(173, 'Tordas'),
(174, 'Gyúró'),
(175, 'Ráckeresztúr'),
(176, 'Baracska'),
(177, 'Kajászó'),
(178, 'Vál'),
(179, 'Kápolnásnyék'),
(180, 'Pázmánd'),
(181, 'Vereb'),
(182, 'Velence'),
(183, 'Gárdony'),
(184, 'Pusztaszabolcs'),
(185, 'Esztergom'),
(186, 'Dorog'),
(187, 'Kesztölc'),
(188, 'Leányvár'),
(189, 'Piliscsév'),
(190, 'Csolnok'),
(191, 'Dág'),
(192, 'Sárisáp'),
(193, 'Nagysáp'),
(194, 'Bajna'),
(195, 'Epöl'),
(196, 'Máriahalom'),
(197, 'Úny'),
(198, 'Annavölgy'),
(199, 'Tokod'),
(200, 'Tokodaltáró'),
(201, 'Bajót'),
(202, 'Tát'),
(203, 'Mogyorósbánya'),
(204, 'Nyergesújfalu'),
(205, 'Lábatlan'),
(206, 'Süttő'),
(207, 'Neszmély'),
(208, 'Dunaalmás'),
(209, 'Vác'),
(210, 'Nőtincs'),
(211, 'Felsőpetény'),
(212, 'Kosd'),
(213, 'Rád'),
(214, 'Penc'),
(215, 'Csővár'),
(216, 'Ősagárd'),
(217, 'Keszeg'),
(218, 'Alsópetény'),
(219, 'Nézsa'),
(220, 'Legénd'),
(221, 'Verőce'),
(222, 'Kismaros'),
(223, 'Szokolya'),
(224, 'Kóspallag'),
(225, 'Nagymaros'),
(226, 'Zebegény'),
(227, 'Szob'),
(228, 'Márianosztra'),
(229, 'Ipolydamásd'),
(230, 'Letkés'),
(231, 'Ipolytölgyes'),
(232, 'Nagybörzsöny'),
(233, 'Vámosmikola'),
(234, 'Tésa'),
(235, 'Perőcsény'),
(236, 'Kemence'),
(237, 'Bernecebaráti'),
(238, 'Szendehely'),
(239, 'Berkenye'),
(240, 'Nógrád'),
(241, 'Diósjenő'),
(242, 'Borsosberény'),
(243, 'Nagyoroszi'),
(244, 'Drégelypalánk'),
(245, 'Hont'),
(246, 'Patak'),
(247, 'Dejtár'),
(248, 'Rétság'),
(249, 'Tereske'),
(250, 'Bánk'),
(251, 'Romhány'),
(252, 'Kétbodony'),
(253, 'Kisecset'),
(254, 'Szente'),
(255, 'Szátok'),
(256, 'Tolmács'),
(257, 'Horpács'),
(258, 'Pusztaberki'),
(259, 'Érsekvadkert'),
(260, 'Balassagyarmat'),
(261, 'Patvarc'),
(262, 'Ipolyvece'),
(263, 'Őrhalom'),
(264, 'Hugyag'),
(265, 'Csitár'),
(266, 'Iliny'),
(267, 'Nógrádmarcal'),
(268, 'Cserhátsurány'),
(269, 'Herencsény'),
(270, 'Csesztve'),
(271, 'Galgagyörk'),
(272, 'Püspökhatvan'),
(273, 'Acsa'),
(274, 'Nógrádsáp'),
(275, 'Galgaguta'),
(276, 'Bercel'),
(277, 'Vanyarc'),
(278, 'Nógrádkövesd'),
(279, 'Szécsénke'),
(280, 'Becske'),
(281, 'Magyarnándor'),
(282, 'Debercsény'),
(283, 'Cserháthaláp'),
(284, 'Terény'),
(285, 'Szanda'),
(286, 'Mohora'),
(287, 'Szügy'),
(288, 'Cegléd'),
(289, 'Tápiószentmárton'),
(290, 'Nyársapát'),
(291, 'Csemő'),
(292, 'Pilis'),
(293, 'Nyáregyháza'),
(294, 'Újlengyel'),
(295, 'Albertirsa'),
(296, 'Dánszentmiklós'),
(297, 'Mikebuda'),
(298, 'Ceglédbercel'),
(299, 'Abony'),
(300, 'Kőröstetétlen'),
(301, 'Jászkarajenő'),
(302, 'Törtel'),
(303, 'Nagykőrös'),
(304, 'Kocsér'),
(305, 'Nagykáta'),
(306, 'Tápióbicske'),
(307, 'Farmos'),
(308, 'Tápiószele'),
(309, 'Tápiógyörgye'),
(310, 'Újszilvás'),
(311, 'Tápiószőlős'),
(312, 'Tatabánya'),
(313, 'Gyermely'),
(314, 'Szomor'),
(315, 'Vértessomló'),
(316, 'Várgesztes'),
(317, 'Tarján'),
(318, 'Héreg'),
(319, 'Vértestolna'),
(320, 'Tardos'),
(321, 'Baj'),
(322, 'Vértesszőlős'),
(323, 'Oroszlány'),
(324, 'Környe'),
(325, 'Kecskéd'),
(326, 'Kömlőd'),
(327, 'Dad'),
(328, 'Bokod'),
(329, 'Szákszend'),
(330, 'Császár'),
(331, 'Vérteskethely'),
(332, 'Bakonysárkány'),
(333, 'Aka'),
(334, 'Kisbér'),
(335, 'Ászár'),
(336, 'Kerékteleki'),
(337, 'Bársonyos'),
(338, 'Bakonyszombathely'),
(339, 'Bakonybánk'),
(340, 'Réde'),
(341, 'Ácsteszér'),
(342, 'Csatka'),
(343, 'Súr'),
(344, 'Tata'),
(345, 'Szomód'),
(346, 'Dunaszentmiklós'),
(347, 'Kocs'),
(348, 'Naszály'),
(349, 'Komárom'),
(350, 'Mocsa'),
(351, 'Almásfüzitő'),
(352, 'Ács'),
(353, 'Nagyigmánd'),
(354, 'Bábolna'),
(355, 'Bana'),
(356, 'Tárkány'),
(357, 'Csép'),
(358, 'Ete'),
(359, 'Kisigmánd'),
(360, 'Csém'),
(361, 'Hatvan'),
(362, 'Heréd'),
(363, 'Nagykökényes'),
(364, 'Ecséd'),
(365, 'Hort'),
(366, 'Csány'),
(367, 'Boldog'),
(368, 'Lőrinci'),
(369, 'Petőfibánya'),
(370, 'Zagyvaszántó'),
(371, 'Apc'),
(372, 'Rózsaszentmárton'),
(373, 'Szűcsi'),
(374, 'Gyöngyöspata'),
(375, 'Gyöngyöstarján'),
(376, 'Héhalom'),
(377, 'Palotás'),
(378, 'Egyházasdengeleg'),
(379, 'Szirák'),
(380, 'Bér'),
(381, 'Kisbágyon'),
(382, 'Buják'),
(383, 'Szarvasgede'),
(384, 'Csécse'),
(385, 'Kozárd'),
(386, 'Ecseg'),
(387, 'Pásztó'),
(388, 'Jobbágyi'),
(389, 'Szurdokpüspöki'),
(390, 'Kutasó'),
(391, 'Bokor'),
(392, 'Cserhátszentiván'),
(393, 'Felsőtold'),
(394, 'Garáb'),
(395, 'Mátraszőlős'),
(396, 'Alsótold'),
(397, 'Bátonyterenye'),
(398, 'Tar'),
(399, 'Sámsonháza'),
(400, 'Márkháza'),
(401, 'Kisbárkány'),
(402, 'Nagybárkány'),
(403, 'Mátraverebély'),
(404, 'Salgótarján'),
(405, 'Cered'),
(406, 'Zabar'),
(407, 'Szilaspogony'),
(408, 'Bárna'),
(409, 'Kazár'),
(410, 'Vizslás'),
(411, 'Lucfalva'),
(412, 'Sóshartyán'),
(413, 'Nógrádmegyer'),
(414, 'Magyargéc'),
(415, 'Piliny'),
(416, 'Szécsényfelfalu'),
(417, 'Etes'),
(418, 'Karancsberény'),
(419, 'Ipolytarnóc'),
(420, 'Mátraszele'),
(421, 'Mátranovák'),
(422, 'Mátraterenye'),
(423, 'Rákóczibánya'),
(424, 'Nemti'),
(425, 'Dorogháza'),
(426, 'Szuha'),
(427, 'Mátramindszent'),
(428, 'Kishartyán'),
(429, 'Ságújfalu'),
(430, 'Karancsság'),
(431, 'Szalmatercs'),
(432, 'Endrefalva'),
(433, 'Szécsény'),
(434, 'Nagylóc'),
(435, 'Hollókő'),
(436, 'Rimóc'),
(437, 'Varsány'),
(438, 'Nógrádsipek'),
(439, 'Karancsalja'),
(440, 'Karancslapujtő'),
(441, 'Karancskeszi'),
(442, 'Mihálygerge'),
(443, 'Egyházasgerge'),
(444, 'Litke'),
(445, 'Nógrádszakál'),
(446, 'Ludányhalászi'),
(447, 'Gyöngyös'),
(448, 'Gyöngyösoroszi'),
(449, 'Gyöngyöshalász'),
(450, 'Atkár'),
(451, 'Nagyréde'),
(452, 'Gyöngyössolymos'),
(453, 'Mátraszentimre'),
(454, 'Parád'),
(455, 'Parádsasvár'),
(456, 'Bodony'),
(457, 'Recsk'),
(458, 'Mátraderecske'),
(459, 'Mátraballa'),
(460, 'Ivád'),
(461, 'Pétervására'),
(462, 'Erdőkövesd'),
(463, 'Istenmezeje'),
(464, 'Váraszó'),
(465, 'Fedémes'),
(466, 'Kisfüzes'),
(467, 'Bükkszenterzsébet'),
(468, 'Tarnalelesz'),
(469, 'Szentdomonkos'),
(470, 'Abasár'),
(471, 'Markaz'),
(472, 'Domoszló'),
(473, 'Kisnána'),
(474, 'Vécs'),
(475, 'Visonta'),
(476, 'Halmajugra'),
(477, 'Ludas'),
(478, 'Detk'),
(479, 'Karácsond'),
(480, 'Nagyfüged'),
(481, 'Tarnazsadány'),
(482, 'Tarnaméra'),
(483, 'Vámosgyörk'),
(484, 'Adács'),
(485, 'Visznek'),
(486, 'Tarnaörs'),
(487, 'Erk'),
(488, 'Zaránk'),
(489, 'Eger'),
(490, 'Egerbakta'),
(491, 'Hevesaranyos'),
(492, 'Szarvaskő'),
(493, 'Felsőtárkány'),
(494, 'Noszvaj'),
(495, 'Ostoros'),
(496, 'Novaj'),
(497, 'Egerszólát'),
(498, 'Tarnaszentmária'),
(499, 'Sirok'),
(500, 'Terpes'),
(501, 'Szajla'),
(502, 'Bükkszék'),
(503, 'Bátor'),
(504, 'Egerbocs'),
(505, 'Szúcs'),
(506, 'Egercsehi'),
(507, 'Bekölce'),
(508, 'Mikófalva'),
(509, 'Mónosbél'),
(510, 'Bélapátfalva'),
(511, 'Bükkszentmárton'),
(512, 'Balaton'),
(513, 'Szilvásvárad'),
(514, 'Nagyvisnyó'),
(515, 'Kál'),
(516, 'Verpelét'),
(517, 'Feldebrő'),
(518, 'Aldebrő'),
(519, 'Tófalu'),
(520, 'Kápolna'),
(521, 'Kompolt'),
(522, 'Nagyút'),
(523, 'Erdőtelek'),
(524, 'Tenk'),
(525, 'Heves'),
(526, 'Boconád'),
(527, 'Tarnabod'),
(528, 'Átány'),
(529, 'Kömlő'),
(530, 'Besenyőtelek'),
(531, 'Dormánd'),
(532, 'Mezőtárkány'),
(533, 'Szihalom'),
(534, 'Mezőszemere'),
(535, 'Egerfarmos'),
(536, 'Pély'),
(537, 'Tarnaszentmiklós'),
(538, 'Hevesvezekény'),
(539, 'Kisköre'),
(540, 'Tiszanána'),
(541, 'Sarud'),
(542, 'Újlőrincfalva'),
(543, 'Poroszló'),
(544, 'Füzesabony'),
(545, 'Egerszalók'),
(546, 'Demjén'),
(547, 'Kerecsend'),
(548, 'Maklár'),
(549, 'Nagytálya'),
(550, 'Andornaktálya'),
(551, 'Mezőkövesd'),
(552, 'Szomolya'),
(553, 'Bogács'),
(554, 'Cserépfalu'),
(555, 'Bükkzsérc'),
(556, 'Tard'),
(557, 'Cserépváralja'),
(558, 'Szentistván'),
(559, 'Mezőnyárád'),
(560, 'Bükkábrány'),
(561, 'Tibolddaróc'),
(562, 'Kács'),
(563, 'Sály'),
(564, 'Borsodgeszt'),
(565, 'Vatta'),
(566, 'Emőd'),
(567, 'Nyékládháza'),
(568, 'Mályi'),
(569, 'Mezőkeresztes'),
(570, 'Csincse'),
(571, 'Mezőnagymihály'),
(572, 'Gelej'),
(573, 'Mezőcsát'),
(574, 'Tiszakeszi'),
(575, 'Igrici'),
(576, 'Egerlövő'),
(577, 'Borsodivánka'),
(578, 'Négyes'),
(579, 'Tiszavalk'),
(580, 'Tiszabábolna'),
(581, 'Tiszadorogma'),
(582, 'Ároktő'),
(583, 'Miskolc'),
(584, 'Ónod'),
(585, 'Muhi'),
(586, 'Kistokaj'),
(587, 'Bükkaranyos'),
(588, 'Harsány'),
(589, 'Kisgyőr'),
(590, 'Bükkszentkereszt'),
(591, 'Répáshuta'),
(592, 'Felsőzsolca'),
(593, 'Onga'),
(594, 'Hernádkak'),
(595, 'Hernádnémeti'),
(596, 'Tiszalúc'),
(597, 'Alsózsolca'),
(598, 'Sajólád'),
(599, 'Sajópetri'),
(600, 'Bőcs'),
(601, 'Berzék'),
(602, 'Sajóhídvég'),
(603, 'Köröm'),
(604, 'Girincs'),
(605, 'Kiscsécs'),
(606, 'Kesznyéten'),
(607, 'Tiszaújváros'),
(608, 'Sajóörös'),
(609, 'Tiszapalkonya'),
(610, 'Hejőkürt'),
(611, 'Tiszatarján'),
(612, 'Oszlár'),
(613, 'Nemesbikk'),
(614, 'Hejőbába'),
(615, 'Hejőpapi'),
(616, 'Hejőszalonta'),
(617, 'Szakáld'),
(618, 'Hejőkeresztúr'),
(619, 'Nagycsécs'),
(620, 'Sajószöged'),
(621, 'Ózd'),
(622, 'Uppony'),
(623, 'Borsodszentgyörgy'),
(624, 'Hangony'),
(625, 'Kissikátor'),
(626, 'Domaháza'),
(627, 'Putnok'),
(628, 'Dubicsány'),
(629, 'Sajógalgóc'),
(630, 'Vadna'),
(631, 'Nagybarca'),
(632, 'Bánhorváti'),
(633, 'Dédestapolcsány'),
(634, 'Tardona'),
(635, 'Mályinka'),
(636, 'Nekézseny'),
(637, 'Csokvaomány'),
(638, 'Lénárddaróc'),
(639, 'Bükkmogyorósd'),
(640, 'Csernely'),
(641, 'Sajónémeti'),
(642, 'Sajópüspöki'),
(643, 'Bánréve'),
(644, 'Hét'),
(645, 'Sajómercse'),
(646, 'Sajóvelezd'),
(647, 'Királd'),
(648, 'Borsodbóta'),
(649, 'Sáta'),
(650, 'Arló'),
(651, 'Járdánháza'),
(652, 'Borsodnádasd'),
(653, 'Kazincbarcika'),
(654, 'Szirmabesenyő'),
(655, 'Sajósenye'),
(656, 'Sajóvámos'),
(657, 'Arnót'),
(658, 'Sajópálfala'),
(659, 'Gesztely'),
(660, 'Újcsanálos'),
(661, 'Sóstófalva'),
(662, 'Alsódobsza'),
(663, 'Megyaszó'),
(664, 'Sajókaza'),
(665, 'Sajóivánka'),
(666, 'Felsőnyárád'),
(667, 'Jákfalva'),
(668, 'Dövény'),
(669, 'Felsőkelecsény'),
(670, 'Zubogy'),
(671, 'Imola'),
(672, 'Ragály'),
(673, 'Trizs'),
(674, 'Alsószuha'),
(675, 'Szuhafő'),
(676, 'Zádorfalva'),
(677, 'Gömörszőlős'),
(678, 'Kelemér'),
(679, 'Serényfalva'),
(680, 'Szuhakálló'),
(681, 'Kurityán'),
(682, 'Rudabánya'),
(683, 'Szuhogy'),
(684, 'Kánó'),
(685, 'Felsőtelekes'),
(686, 'Alsótelekes'),
(687, 'Izsófalva'),
(688, 'Rudolftelep'),
(689, 'Ormosbánya'),
(690, 'Múcsony'),
(691, 'Szendrőlád'),
(692, 'Galvács'),
(693, 'Szendrő'),
(694, 'Abod'),
(695, 'Szalonna'),
(696, 'Meszes'),
(697, 'Martonyi'),
(698, 'Varbóc'),
(699, 'Perkupa'),
(700, 'Égerszög'),
(701, 'Teresztenye'),
(702, 'Szőlősardó'),
(703, 'Jósvafő'),
(704, 'Aggtelek'),
(705, 'Szin'),
(706, 'Tornakápolna'),
(707, 'Szinpetri'),
(708, 'Szögliget'),
(709, 'Bódvaszilas'),
(710, 'Bódvarákó'),
(711, 'Tornaszentandrás'),
(712, 'Komjáti'),
(713, 'Tornabarakony'),
(714, 'Tornanádaska'),
(715, 'Hidvégardó'),
(716, 'Bódvalenke'),
(717, 'Becskeháza'),
(718, 'Tornaszentjakab'),
(719, 'Sajószentpéter'),
(720, 'Sajókápolna'),
(721, 'Sajólászlófalva'),
(722, 'Kondó'),
(723, 'Radostyán'),
(724, 'Parasznya'),
(725, 'Varbó'),
(726, 'Alacska'),
(727, 'Ládbesenyő'),
(728, 'Damak'),
(729, 'Balajt'),
(730, 'Edelény'),
(731, 'Irota'),
(732, 'Szakácsi'),
(733, 'Hegymeg'),
(734, 'Lak'),
(735, 'Tomor'),
(736, 'Sajókeresztúr'),
(737, 'Sajóbábony'),
(738, 'Sajóecseg'),
(739, 'Boldva'),
(740, 'Ziliz'),
(741, 'Hangács'),
(742, 'Nyomár'),
(743, 'Borsodszirák'),
(744, 'Szikszó'),
(745, 'Abaújszolnok'),
(746, 'Nyésta'),
(747, 'Selyeb'),
(748, 'Alsóvadász'),
(749, 'Monaj'),
(750, 'Homrogd'),
(751, 'Kupa'),
(752, 'Felsővadász'),
(753, 'Gadna'),
(754, 'Abaújlak'),
(755, 'Gagyvendégi'),
(756, 'Gagybátor'),
(757, 'Pamlény'),
(758, 'Büttös'),
(759, 'Szászfa'),
(760, 'Kány'),
(761, 'Perecse'),
(762, 'Krasznokvajda'),
(763, 'Keresztéte'),
(764, 'Debréte'),
(765, 'Rakaca'),
(766, 'Viszló'),
(767, 'Rakacaszend'),
(768, 'Kázsmárk'),
(769, 'Léh'),
(770, 'Rásonysápberencs'),
(771, 'Beret'),
(772, 'Detek'),
(773, 'Baktakék'),
(774, 'Felsőgagy'),
(775, 'Gagyapáti'),
(776, 'Alsógagy'),
(777, 'Csenyéte'),
(778, 'Aszaló'),
(779, 'Halmaj'),
(780, 'Kiskinizs'),
(781, 'Szentistvánbaksa'),
(782, 'Nagykinizs'),
(783, 'Hernádkércs'),
(784, 'Felsődobsza'),
(785, 'Csobád'),
(786, 'Forró'),
(787, 'Ináncs'),
(788, 'Hernádszentandrás'),
(789, 'Pere'),
(790, 'Hernádbűd'),
(791, 'Fancsal'),
(792, 'Encs'),
(793, 'Szalaszend'),
(794, 'Fulókércs'),
(795, 'Fáj'),
(796, 'Szemere'),
(797, 'Litka'),
(798, 'Méra'),
(799, 'Novajidrány'),
(800, 'Garadna'),
(801, 'Pusztaradvány'),
(802, 'Hernádvécse'),
(803, 'Hernádpetri'),
(804, 'Hernádszurdok'),
(805, 'Hidasnémeti'),
(806, 'Tornyosnémeti'),
(807, 'Abaújszántó'),
(808, 'Sima'),
(809, 'Baskó'),
(810, 'Abaújalpár'),
(811, 'Abaújkér'),
(812, 'Boldogkőújfalu'),
(813, 'Boldogkőváralja'),
(814, 'Arka'),
(815, 'Korlát'),
(816, 'Hernádcéce'),
(817, 'Vizsoly'),
(818, 'Vilmány'),
(819, 'Hejce'),
(820, 'Regéc'),
(821, 'Fony'),
(822, 'Mogyoróska'),
(823, 'Göncruszka'),
(824, 'Gönc'),
(825, 'Telkibánya'),
(826, 'Zsujta'),
(827, 'Abaújvár'),
(828, 'Pányok'),
(829, 'Kéked'),
(830, 'Szerencs'),
(831, 'Bekecs'),
(832, 'Legyesbénye'),
(833, 'Monok'),
(834, 'Golop'),
(835, 'Tállya'),
(836, 'Rátka'),
(837, 'Mád'),
(838, 'Tokaj'),
(839, 'Tarcal'),
(840, 'Bodrogkeresztúr'),
(841, 'Bodrogkisfalud'),
(842, 'Szegi'),
(843, 'Szegilong'),
(844, 'Taktaszada'),
(845, 'Taktaharkány'),
(846, 'Taktakenéz'),
(847, 'Prügy'),
(848, 'Taktabáj'),
(849, 'Csobaj'),
(850, 'Tiszatardos'),
(851, 'Tiszaladány'),
(852, 'Mezőzombor'),
(853, 'Erdőbénye'),
(854, 'Olaszliszka'),
(855, 'Tolcsva'),
(856, 'Erdőhorváti'),
(857, 'Háromhuta'),
(858, 'Komlóska'),
(859, 'Vámosújfalu'),
(860, 'Sárazsadány'),
(861, 'Bodrogolaszi'),
(862, 'Sárospatak'),
(863, 'Györgytarló'),
(864, 'Kenézlő'),
(865, 'Viss'),
(866, 'Zalkod'),
(867, 'Hercegkút'),
(868, 'Makkoshotyka'),
(869, 'Vajdácska'),
(870, 'Karos'),
(871, 'Karcsa'),
(872, 'Pácin'),
(873, 'Kisrozvágy'),
(874, 'Nagyrozvágy'),
(875, 'Lácacséke'),
(876, 'Tiszakarád'),
(877, 'Tiszacsermely'),
(878, 'Cigánd'),
(879, 'Ricse'),
(880, 'Semjén'),
(881, 'Révleányvár'),
(882, 'Zemplénagárd'),
(883, 'Dámóc'),
(884, 'Sátoraljaújhely'),
(885, 'Felsőberecki'),
(886, 'Alsóberecki'),
(887, 'Bodroghalom'),
(888, 'Mikóháza'),
(889, 'Felsőregmec'),
(890, 'Alsóregmec'),
(891, 'Vilyvitány'),
(892, 'Vágáshuta'),
(893, 'Kovácsvágás'),
(894, 'Füzérradvány'),
(895, 'Kishuta'),
(896, 'Filkeháza'),
(897, 'Nagyhuta'),
(898, 'Füzérkajata'),
(899, 'Pálháza'),
(900, 'Bózsva'),
(901, 'Pusztafalu'),
(902, 'Füzér'),
(903, 'Füzérkomlós'),
(904, 'Nyíri'),
(905, 'Hollóháza'),
(906, 'Debrecen'),
(907, 'Balmazújváros'),
(908, 'Nagyhegyes'),
(909, 'Újszentmargita'),
(910, 'Tiszacsege'),
(911, 'Egyek'),
(912, 'Hortobágy'),
(913, 'Görbeháza'),
(914, 'Hajdúnánás'),
(915, 'Hajdúdorog'),
(916, 'Polgár'),
(917, 'Folyás'),
(918, 'Újtikos'),
(919, 'Tiszagyulaháza'),
(920, 'Berettyóújfalu'),
(921, 'Biharkeresztes'),
(922, 'Bojt'),
(923, 'Ártánd'),
(924, 'Berekböszörmény'),
(925, 'Told'),
(926, 'Mezőpeterd'),
(927, 'Váncsod'),
(928, 'Szentpéterszeg'),
(929, 'Gáborján'),
(930, 'Hencida'),
(931, 'Esztár'),
(932, 'Pocsaj'),
(933, 'Kismarja'),
(934, 'Nagykereki'),
(935, 'Bedő'),
(936, 'Derecske'),
(937, 'Tépe'),
(938, 'Konyár'),
(939, 'Mezősas'),
(940, 'Körösszegapáti'),
(941, 'Körösszakál'),
(942, 'Magyarhomorog'),
(943, 'Komádi'),
(944, 'Furta'),
(945, 'Zsáka'),
(946, 'Vekerd'),
(947, 'Darvas'),
(948, 'Csökmő'),
(949, 'Újiráz'),
(950, 'Püspökladány'),
(951, 'Báránd'),
(952, 'Szerep'),
(953, 'Bakonszeg'),
(954, 'Sárrétudvari'),
(955, 'Biharnagybajom'),
(956, 'Nagyrábé'),
(957, 'Bihartorda'),
(958, 'Bihardancsháza'),
(959, 'Sáp'),
(960, 'Földes'),
(961, 'Nádudvar'),
(962, 'Kaba'),
(963, 'Tetétlen'),
(964, 'Hajdúszoboszló'),
(965, 'Ebes'),
(966, 'Hajdúszovát'),
(967, 'Hajdúböszörmény'),
(968, 'Bököny'),
(969, 'Geszteréd'),
(970, 'Balkány'),
(971, 'Szakoly'),
(972, 'Biri'),
(973, 'Bocskaikert'),
(974, 'Hajdúhadház'),
(975, 'Téglás'),
(976, 'Újfehértó'),
(977, 'Érpatak'),
(978, 'Hajdúsámson'),
(979, 'Nyíradony'),
(980, 'Nyíracsád'),
(981, 'Nyírmártonfalva'),
(982, 'Nyírábrány'),
(983, 'Fülöp'),
(984, 'Penészlek'),
(985, 'Mikepércs'),
(986, 'Sáránd'),
(987, 'Hajdúbagos'),
(988, 'Hosszúpályi'),
(989, 'Monostorpályi'),
(990, 'Létavértes'),
(991, 'Kokad'),
(992, 'Álmosd'),
(993, 'Bagamér'),
(994, 'Vámospércs'),
(995, 'Újléta'),
(996, 'Nyírbátor'),
(997, 'Nyírgyulaj'),
(998, 'Nagykálló'),
(999, 'Kállósemjén'),
(1000, 'Kisléta'),
(1001, 'Máriapócs'),
(1002, 'Pócspetri'),
(1003, 'Nyírcsászári'),
(1004, 'Nyírderzs'),
(1005, 'Nyírkáta'),
(1006, 'Hodász'),
(1007, 'Kántorjánosi'),
(1008, 'Őr'),
(1009, 'Jármi'),
(1010, 'Papos'),
(1011, 'Nyírvasvári'),
(1012, 'Terem'),
(1013, 'Bátorliget'),
(1014, 'Vállaj'),
(1015, 'Mérk'),
(1016, 'Tiborszállás'),
(1017, 'Fábiánháza'),
(1018, 'Nagyecsed'),
(1019, 'Nyírcsaholy'),
(1020, 'Nyírbogát'),
(1021, 'Nyírgelse'),
(1022, 'Nyírmihálydi'),
(1023, 'Nyírlugos'),
(1024, 'Nyírbéltek'),
(1025, 'Ömböly'),
(1026, 'Encsencs'),
(1027, 'Piricse'),
(1028, 'Nyírpilis'),
(1029, 'Nyíregyháza'),
(1030, 'Kálmánháza'),
(1031, 'Tiszavasvári'),
(1032, 'Szorgalmatos'),
(1033, 'Nagycserkesz'),
(1034, 'Tiszalök'),
(1035, 'Tiszadada'),
(1036, 'Tiszadob'),
(1037, 'Nyírtelek'),
(1038, 'Tiszanagyfalu'),
(1039, 'Tiszaeszlár'),
(1040, 'Rakamaz'),
(1041, 'Timár'),
(1042, 'Szabolcs'),
(1043, 'Balsa'),
(1044, 'Gávavencsellő'),
(1045, 'Tiszabercel'),
(1046, 'Paszab'),
(1047, 'Kótaj'),
(1048, 'Buj'),
(1049, 'Ibrány'),
(1050, 'Nagyhalász'),
(1051, 'Tiszatelek'),
(1052, 'Beszterec'),
(1053, 'Újdombrád'),
(1054, 'Dombrád'),
(1055, 'Tiszakanyár'),
(1056, 'Kékcse'),
(1057, 'Döge'),
(1058, 'Szabolcsveresmart'),
(1059, 'Kemecse'),
(1060, 'Vasmegyer'),
(1061, 'Tiszarád'),
(1062, 'Nyírbogdány'),
(1063, 'Kék'),
(1064, 'Demecser'),
(1065, 'Gégény'),
(1066, 'Berkesz'),
(1067, 'Nyírtass'),
(1068, 'Pátroha'),
(1069, 'Ajak'),
(1070, 'Rétközberencs'),
(1071, 'Nyírpazony'),
(1072, 'Nyírtura'),
(1073, 'Sényő'),
(1074, 'Székely'),
(1075, 'Nyíribrony'),
(1076, 'Ramocsaháza'),
(1077, 'Nyírkércs'),
(1078, 'Nyírjákó'),
(1079, 'Petneháza'),
(1080, 'Laskod'),
(1081, 'Nyírkarász'),
(1082, 'Gyulaháza'),
(1083, 'Anarcs'),
(1084, 'Szabolcsbáka'),
(1085, 'Napkor'),
(1086, 'Apagy'),
(1087, 'Nyírtét'),
(1088, 'Levelek'),
(1089, 'Magy'),
(1090, 'Besenyőd'),
(1091, 'Ófehértó'),
(1092, 'Baktalórántháza'),
(1093, 'Vaja'),
(1094, 'Rohod'),
(1095, 'Nyírmada'),
(1096, 'Pusztadobos'),
(1097, 'Ilk'),
(1098, 'Gemzse'),
(1099, 'Kisvárda'),
(1100, 'Jéke'),
(1101, 'Fényeslitke'),
(1102, 'Komoró'),
(1103, 'Tuzsér'),
(1104, 'Tiszabezdéd'),
(1105, 'Győröcske'),
(1106, 'Záhony'),
(1107, 'Zsurk'),
(1108, 'Tiszaszentmárton'),
(1109, 'Pap'),
(1110, 'Nyírlövő'),
(1111, 'Lövőpetri'),
(1112, 'Aranyosapáti'),
(1113, 'Újkenéz'),
(1114, 'Mezőladány'),
(1115, 'Tornyospálca'),
(1116, 'Benk'),
(1117, 'Mándok'),
(1118, 'Tiszamogyorós'),
(1119, 'Eperjeske'),
(1120, 'Mátészalka'),
(1121, 'Szamoskér'),
(1122, 'Nyírmeggyes'),
(1123, 'Tunyogmatolcs'),
(1124, 'Cégénydányád'),
(1125, 'Gyügye'),
(1126, 'Szamosújlak'),
(1127, 'Hermánszeg'),
(1128, 'Szamossályi'),
(1129, 'Darnó'),
(1130, 'Kisnamény'),
(1131, 'Jánkmajtis'),
(1132, 'Csegöld'),
(1133, 'Csengersima'),
(1134, 'Szamosbecs'),
(1135, 'Szamostatárfalva'),
(1136, 'Kocsord'),
(1137, 'Győrtelek'),
(1138, 'Géberjén'),
(1139, 'Fülpösdaróc'),
(1140, 'Ököritófülpös'),
(1141, 'Rápolt'),
(1142, 'Porcsalma'),
(1143, 'Tyukod'),
(1144, 'Ura'),
(1145, 'Csengerújfalu'),
(1146, 'Komlódtótfalu'),
(1147, 'Csenger'),
(1148, 'Pátyod'),
(1149, 'Szamosangyalos'),
(1150, 'Vásárosnamény'),
(1151, 'Kisvarsány'),
(1152, 'Nagyvarsány'),
(1153, 'Gyüre'),
(1154, 'Ópályi'),
(1155, 'Nyírparasznya'),
(1156, 'Nagydobos'),
(1157, 'Szamosszeg'),
(1158, 'Olcsva'),
(1159, 'Tiszaszalka'),
(1160, 'Tiszavid'),
(1161, 'Tiszaadony'),
(1162, 'Tiszakerecseny'),
(1163, 'Mátyus'),
(1164, 'Lónya'),
(1165, 'Jánd'),
(1166, 'Gulács'),
(1167, 'Hetefejércse'),
(1168, 'Csaroda'),
(1169, 'Tákos'),
(1170, 'Fehérgyarmat'),
(1171, 'Nábrád'),
(1172, 'Kérsemjén'),
(1173, 'Panyola'),
(1174, 'Olcsvaapáti'),
(1175, 'Tivadar'),
(1176, 'Kisar'),
(1177, 'Nagyar'),
(1178, 'Tarpa'),
(1179, 'Márokpapi'),
(1180, 'Beregsurány'),
(1181, 'Beregdaróc'),
(1182, 'Gelénes'),
(1183, 'Vámosatya'),
(1184, 'Barabás'),
(1185, 'Penyige'),
(1186, 'Mánd'),
(1187, 'Nemesborzova'),
(1188, 'Kömörő'),
(1189, 'Túristvándi'),
(1190, 'Szatmárcseke'),
(1191, 'Tiszakóród'),
(1192, 'Tiszacsécse'),
(1193, 'Milota'),
(1194, 'Tiszabecs'),
(1195, 'Uszka'),
(1196, 'Magosliget'),
(1197, 'Sonkád'),
(1198, 'Botpalád'),
(1199, 'Kispalád'),
(1200, 'Zsarolyán'),
(1201, 'Nagyszekeres'),
(1202, 'Kisszekeres'),
(1203, 'Fülesd'),
(1204, 'Kölcse'),
(1205, 'Vámosoroszi'),
(1206, 'Csaholc'),
(1207, 'Túrricse'),
(1208, 'Tisztaberek'),
(1209, 'Rozsály'),
(1210, 'Gacsály'),
(1211, 'Császló'),
(1212, 'Zajta'),
(1213, 'Méhtelek'),
(1214, 'Garbolc'),
(1215, 'Kishódos'),
(1216, 'Nagyhódos'),
(1217, 'Szolnok'),
(1218, 'Zagyvarékas'),
(1219, 'Újszász'),
(1220, 'Szászberek'),
(1221, 'Jászalsószentgyörgy'),
(1222, 'Jászladány'),
(1223, 'Tiszasüly'),
(1224, 'Kőtelek'),
(1225, 'Hunyadfalva'),
(1226, 'Csataszög'),
(1227, 'Nagykörű'),
(1228, 'Besenyszög'),
(1229, 'Szajol'),
(1230, 'Tiszatenyő'),
(1231, 'Kengyel'),
(1232, 'Rákócziújfalu'),
(1233, 'Rákóczifalva'),
(1234, 'Tószeg'),
(1235, 'Tiszavárkony'),
(1236, 'Vezseny'),
(1237, 'Tiszajenő'),
(1238, 'Jászberény'),
(1239, 'Jászfelsőszentgyörgy'),
(1240, 'Jászjákóhalma'),
(1241, 'Jászdózsa'),
(1242, 'Jászárokszállás'),
(1243, 'Jászágó'),
(1244, 'Pusztamonostor'),
(1245, 'Jászfényszaru'),
(1246, 'Jászapáti'),
(1247, 'Jászivány'),
(1248, 'Jászszentandrás'),
(1249, 'Jászkisér'),
(1250, 'Jásztelek'),
(1251, 'Alattyán'),
(1252, 'Jánoshida'),
(1253, 'Jászboldogháza'),
(1254, 'Törökszentmiklós'),
(1255, 'Tiszapüspöki'),
(1256, 'Örményes'),
(1257, 'Fegyvernek'),
(1258, 'Tiszabő'),
(1259, 'Tiszagyenda'),
(1260, 'Tiszaroff'),
(1261, 'Tiszabura'),
(1262, 'Abádszalók'),
(1263, 'Tiszaderzs'),
(1264, 'Tiszaszőlős'),
(1265, 'Karcag'),
(1266, 'Berekfürdő'),
(1267, 'Kisújszállás'),
(1268, 'Kunmadaras'),
(1269, 'Tiszaszentimre'),
(1270, 'Tomajmonostora'),
(1271, 'Kenderes'),
(1272, 'Kunhegyes'),
(1273, 'Tiszafüred'),
(1274, 'Tiszaigar'),
(1275, 'Tiszaörs'),
(1276, 'Nagyiván'),
(1277, 'Mezőtúr'),
(1278, 'Kétpó'),
(1279, 'Kuncsorba'),
(1280, 'Túrkeve'),
(1281, 'Tiszaföldvár'),
(1282, 'Martfű'),
(1283, 'Kunszentmárton'),
(1284, 'Öcsöd'),
(1285, 'Mesterszállás'),
(1286, 'Mezőhék'),
(1287, 'Cibakháza'),
(1288, 'Nagyrév'),
(1289, 'Tiszainoka'),
(1290, 'Cserkeszőlő'),
(1291, 'Tiszakürt'),
(1292, 'Tiszaug'),
(1293, 'Tiszasas'),
(1294, 'Csépa'),
(1295, 'Szelevény'),
(1296, 'Gyomaendrőd'),
(1297, 'Dévaványa'),
(1298, 'Ecsegfalva'),
(1299, 'Körösladány'),
(1300, 'Szeghalom'),
(1301, 'Füzesgyarmat'),
(1302, 'Kertészsziget'),
(1303, 'Bucsa'),
(1304, 'Vésztő'),
(1305, 'Okány'),
(1306, 'Körösújfalu'),
(1307, 'Zsadány'),
(1308, 'Biharugra'),
(1309, 'Körösnagyharsány'),
(1310, 'Szarvas'),
(1311, 'Csabacsűd'),
(1312, 'Kardos'),
(1313, 'Kondoros'),
(1314, 'Hunya'),
(1315, 'Örménykút'),
(1316, 'Békésszentandrás'),
(1317, 'Békéscsaba'),
(1318, 'Csabaszabadi'),
(1319, 'Csárdaszállás'),
(1320, 'Köröstarcsa'),
(1321, 'Doboz'),
(1322, 'Békés'),
(1323, 'Tarhos'),
(1324, 'Bélmegyer'),
(1325, 'Mezőberény'),
(1326, 'Újkígyós'),
(1327, 'Csanádapáca'),
(1328, 'Medgyesbodzás'),
(1329, 'Pusztaottlaka'),
(1330, 'Medgyesegyháza'),
(1331, 'Magyarbánhegyes'),
(1332, 'Nagybánhegyes'),
(1333, 'Murony'),
(1334, 'Kamut'),
(1335, 'Kétsoprony'),
(1336, 'Telekgerendás'),
(1337, 'Gyula'),
(1338, 'Szabadkígyós'),
(1339, 'Sarkad'),
(1340, 'Kötegyán'),
(1341, 'Méhkerék'),
(1342, 'Újszalonta'),
(1343, 'Sarkadkeresztúr'),
(1344, 'Mezőgyán'),
(1345, 'Geszt'),
(1346, 'Kétegyháza'),
(1347, 'Elek'),
(1348, 'Lőkösháza'),
(1349, 'Kevermes'),
(1350, 'Dombiratos'),
(1351, 'Kunágota'),
(1352, 'Almáskamarás'),
(1353, 'Nagykamarás'),
(1354, 'Mezőkovácsháza'),
(1355, 'Végegyháza'),
(1356, 'Mezőhegyes'),
(1357, 'Battonya'),
(1358, 'Dombegyház'),
(1359, 'Kisdombegyház'),
(1360, 'Magyardombegyház'),
(1361, 'Orosháza'),
(1362, 'Pusztaföldvár'),
(1363, 'Csorvás'),
(1364, 'Gerendás'),
(1365, 'Nagyszénás'),
(1366, 'Gádoros'),
(1367, 'Tótkomlós'),
(1368, 'Kardoskút'),
(1369, 'Békéssámson'),
(1370, 'Kaszaper'),
(1371, 'Kecskemét'),
(1372, 'Szentkirály'),
(1373, 'Nyárlőrinc'),
(1374, 'Városföld'),
(1375, 'Helvécia'),
(1376, 'Ballószög'),
(1377, 'Kerekegyháza'),
(1378, 'Fülöpháza'),
(1379, 'Kunbaracs'),
(1380, 'Ladánybene'),
(1381, 'Lajosmizse'),
(1382, 'Felsőlajos'),
(1383, 'Tiszakécske'),
(1384, 'Lakitelek'),
(1385, 'Tiszaalpár'),
(1386, 'Izsák'),
(1387, 'Páhi'),
(1388, 'Ágasegyháza'),
(1389, 'Orgovány'),
(1390, 'Jakabszállás'),
(1391, 'Szabadszállás'),
(1392, 'Fülöpszállás'),
(1393, 'Szalkszentmárton'),
(1394, 'Dunavecse'),
(1395, 'Apostag'),
(1396, 'Kunszentmiklós'),
(1397, 'Kunpeszér'),
(1398, 'Kunadacs'),
(1399, 'Tass'),
(1400, 'Kiskunfélegyháza'),
(1401, 'Gátér'),
(1402, 'Pálmonostora'),
(1403, 'Petőfiszállás'),
(1404, 'Bugac'),
(1405, 'Bugacpusztaháza'),
(1406, 'Kunszállás'),
(1407, 'Fülöpjakab'),
(1408, 'Kiskunmajsa'),
(1409, 'Szank'),
(1410, 'Móricgát'),
(1411, 'Jászszentlászló'),
(1412, 'Kömpöc'),
(1413, 'Csólyospálos'),
(1414, 'Harkakötöny'),
(1415, 'Kiskőrös'),
(1416, 'Kaskantyú'),
(1417, 'Akasztó'),
(1418, 'Csengőd'),
(1419, 'Soltszentimre'),
(1420, 'Tabdi'),
(1421, 'Soltvadkert'),
(1422, 'Bócsa'),
(1423, 'Tázlár'),
(1424, 'Kecel'),
(1425, 'Imrehegy'),
(1426, 'Császártöltés'),
(1427, 'Kalocsa'),
(1428, 'Öregcsertő'),
(1429, 'Solt'),
(1430, 'Újsolt'),
(1431, 'Dunaegyháza'),
(1432, 'Dunatetétlen'),
(1433, 'Harta'),
(1434, 'Dunapataj'),
(1435, 'Foktő'),
(1436, 'Uszód'),
(1437, 'Dunaszentbenedek'),
(1438, 'Géderlak'),
(1439, 'Ordas'),
(1440, 'Szakmár'),
(1441, 'Újtelek'),
(1442, 'Homokmégy'),
(1443, 'Drágszél'),
(1444, 'Miske'),
(1445, 'Hajós'),
(1446, 'Nemesnádudvar'),
(1447, 'Sükösd'),
(1448, 'Érsekcsanád'),
(1449, 'Érsekhalma'),
(1450, 'Bátya'),
(1451, 'Fajsz'),
(1452, 'Dusnok'),
(1453, 'Kiskunhalas'),
(1454, 'Zsana'),
(1455, 'Balotaszállás'),
(1456, 'Kunfehértó'),
(1457, 'Pirtó'),
(1458, 'Kisszállás'),
(1459, 'Tompa'),
(1460, 'Kelebia'),
(1461, 'Csikéria'),
(1462, 'Bácsszőlős'),
(1463, 'Bácsalmás'),
(1464, 'Kunbaja'),
(1465, 'Jánoshalma'),
(1466, 'Kéleshalom'),
(1467, 'Borota'),
(1468, 'Rém'),
(1469, 'Felsőszentiván'),
(1470, 'Csávoly'),
(1471, 'Mélykút'),
(1472, 'Tataháza'),
(1473, 'Mátételke'),
(1474, 'Bácsbokod'),
(1475, 'Bácsborsód'),
(1476, 'Katymár'),
(1477, 'Madaras'),
(1478, 'Baja'),
(1479, 'Bácsszentgyörgy'),
(1480, 'Szeremle'),
(1481, 'Dunafalva'),
(1482, 'Vaskút'),
(1483, 'Gara'),
(1484, 'Csátalja'),
(1485, 'Dávod'),
(1486, 'Hercegszántó'),
(1487, 'Nagybaracska'),
(1488, 'Bátmonostor'),
(1489, 'Szentes'),
(1490, 'Nagytőke'),
(1491, 'Derekegyház'),
(1492, 'Nagymágocs'),
(1493, 'Árpádhalom'),
(1494, 'Eperjes'),
(1495, 'Fábiánsebestyén'),
(1496, 'Mindszent'),
(1497, 'Szegvár'),
(1498, 'Mártély'),
(1499, 'Csongrád'),
(1500, 'Felgyő'),
(1501, 'Tömörkény'),
(1502, 'Csanytelek'),
(1503, 'Szeged'),
(1504, 'Algyő'),
(1505, 'Újszentiván'),
(1506, 'Kübekháza'),
(1507, 'Tiszasziget'),
(1508, 'Röszke'),
(1509, 'Kistelek'),
(1510, 'Sándorfalva'),
(1511, 'Szatymaz'),
(1512, 'Balástya'),
(1513, 'Csengele'),
(1514, 'Dóc'),
(1515, 'Ópusztaszer'),
(1516, 'Baks'),
(1517, 'Pusztaszer'),
(1518, 'Deszk'),
(1519, 'Klárafalva'),
(1520, 'Ferencszállás'),
(1521, 'Kiszombor'),
(1522, 'Domaszék'),
(1523, 'Mórahalom'),
(1524, 'Ásotthalom'),
(1525, 'Öttömös'),
(1526, 'Pusztamérges'),
(1527, 'Ruzsa'),
(1528, 'Zákányszék'),
(1529, 'Zsombó'),
(1530, 'Forráskút'),
(1531, 'Üllés'),
(1532, 'Bordány'),
(1533, 'Hódmezővásárhely'),
(1534, 'Székkutas'),
(1535, 'Makó'),
(1536, 'Királyhegyes'),
(1537, 'Kövegy'),
(1538, 'Csanádpalota'),
(1539, 'Pitvaros'),
(1540, 'Csanádalberti'),
(1541, 'Ambrózfalva'),
(1542, 'Nagyér'),
(1543, 'Maroslele'),
(1544, 'Földeák'),
(1545, 'Óföldeák'),
(1546, 'Apátfalva'),
(1547, 'Magyarcsanád'),
(1548, 'Nagylak'),
(1549, 'Sárbogárd'),
(1550, 'Alap'),
(1551, 'Alsószentiván'),
(1552, 'Cece'),
(1553, 'Sáregres'),
(1554, 'Igar'),
(1555, 'Mezőszilas'),
(1556, 'Dunaföldvár'),
(1557, 'Bölcske'),
(1558, 'Madocsa'),
(1559, 'Paks'),
(1560, 'Pusztahencse'),
(1561, 'Németkér'),
(1562, 'Vajta'),
(1563, 'Pálfa'),
(1564, 'Bikács'),
(1565, 'Nagydorog'),
(1566, 'Györköny'),
(1567, 'Sárszentlőrinc'),
(1568, 'Kajdacs'),
(1569, 'Kölesd'),
(1570, 'Tengelic'),
(1571, 'Szedres'),
(1572, 'Medina'),
(1573, 'Belecska'),
(1574, 'Keszőhidegkút'),
(1575, 'Szárazd'),
(1576, 'Gyönk'),
(1577, 'Miszla'),
(1578, 'Udvari'),
(1579, 'Varsád'),
(1580, 'Kistormás'),
(1581, 'Szakadát'),
(1582, 'Diósberény'),
(1583, 'Simontornya'),
(1584, 'Kisszékely'),
(1585, 'Tolnanémedi'),
(1586, 'Pincehely'),
(1587, 'Nagyszékely'),
(1588, 'Ozora'),
(1589, 'Fürged'),
(1590, 'Tamási'),
(1591, 'Nagykónyi'),
(1592, 'Értény'),
(1593, 'Koppányszántó'),
(1594, 'Iregszemcse'),
(1595, 'Újireg'),
(1596, 'Nagyszokoly'),
(1597, 'Magyarkeszi'),
(1598, 'Felsőnyék'),
(1599, 'Szekszárd'),
(1600, 'Szálka'),
(1601, 'Kakasd'),
(1602, 'Tolna'),
(1603, 'Bogyiszló'),
(1604, 'Fadd'),
(1605, 'Gerjen'),
(1606, 'Dunaszentgyörgy'),
(1607, 'Fácánkert'),
(1608, 'Bátaszék'),
(1609, 'Pörböly'),
(1610, 'Őcsény'),
(1611, 'Decs'),
(1612, 'Sárpilis'),
(1613, 'Várdomb'),
(1614, 'Alsónána'),
(1615, 'Alsónyék'),
(1616, 'Báta'),
(1617, 'Bonyhád'),
(1618, 'Bonyhádvarasd'),
(1619, 'Kisdorog'),
(1620, 'Cikó'),
(1621, 'Grábóc'),
(1622, 'Mőcsény'),
(1623, 'Bátaapáti'),
(1624, 'Mórágy'),
(1625, 'Sióagárd'),
(1626, 'Harc'),
(1627, 'Zomba'),
(1628, 'Kéty'),
(1629, 'Felsőnána'),
(1630, 'Murga'),
(1631, 'Tevel'),
(1632, 'Závod'),
(1633, 'Kisvejke'),
(1634, 'Lengyel'),
(1635, 'Szárász'),
(1636, 'Mucsfa'),
(1637, 'Aparhant'),
(1638, 'Nagyvejke'),
(1639, 'Hőgyész'),
(1640, 'Szakály'),
(1641, 'Regöly'),
(1642, 'Kalaznó'),
(1643, 'Mucsi'),
(1644, 'Dombóvár'),
(1645, 'Dalmand'),
(1646, 'Kocsola'),
(1647, 'Szakcs'),
(1648, 'Várong'),
(1649, 'Lápafő'),
(1650, 'Nak'),
(1651, 'Dúzs'),
(1652, 'Csibrák'),
(1653, 'Kurd'),
(1654, 'Gyulaj'),
(1655, 'Döbrököz'),
(1656, 'Kapospula'),
(1657, 'Attala'),
(1658, 'Csoma'),
(1659, 'Szabadi'),
(1660, 'Nagyberki'),
(1661, 'Kercseliget'),
(1662, 'Mosdós'),
(1663, 'Kaposkeresztúr'),
(1664, 'Baté'),
(1665, 'Kaposhomok'),
(1666, 'Taszár'),
(1667, 'Fonó'),
(1668, 'Gölle'),
(1669, 'Büssü'),
(1670, 'Kazsok'),
(1671, 'Igal'),
(1672, 'Somogyszil'),
(1673, 'Gadács'),
(1674, 'Kisgyalán'),
(1675, 'Bonnya'),
(1676, 'Kisbárapáti'),
(1677, 'Fiad'),
(1678, 'Somogyacsa'),
(1679, 'Somogydöröcske'),
(1680, 'Kára'),
(1681, 'Szorosad'),
(1682, 'Törökkoppány'),
(1683, 'Miklósi'),
(1684, 'Mecsekpölöske'),
(1685, 'Komló'),
(1686, 'Mánfa'),
(1687, 'Liget'),
(1688, 'Magyaregregy'),
(1689, 'Kárász'),
(1690, 'Vékény'),
(1691, 'Köblény'),
(1692, 'Szalatnak'),
(1693, 'Csikóstőttős'),
(1694, 'Mágocs'),
(1695, 'Nagyhajmás'),
(1696, 'Mekényes'),
(1697, 'Alsómocsolád'),
(1698, 'Bikal'),
(1699, 'Egyházaskozár'),
(1700, 'Tófű'),
(1701, 'Hegyhátmaróc'),
(1702, 'Szászvár'),
(1703, 'Máza'),
(1704, 'Györe'),
(1705, 'Izmény'),
(1706, 'Váralja'),
(1707, 'Nagymányok'),
(1708, 'Kismányok'),
(1709, 'Jágónak'),
(1710, 'Kaposszekcső'),
(1711, 'Gerényes'),
(1712, 'Vásárosdombó'),
(1713, 'Tarrós'),
(1714, 'Felsőegerszeg'),
(1715, 'Oroszló'),
(1716, 'Palé'),
(1717, 'Sásd'),
(1718, 'Varga'),
(1719, 'Vázsnok'),
(1720, 'Meződ'),
(1721, 'Ág'),
(1722, 'Kisvaszar'),
(1723, 'Tékes'),
(1724, 'Baranyaszentgyörgy'),
(1725, 'Tormás'),
(1726, 'Szágy'),
(1727, 'Baranyajenő'),
(1728, 'Gödre'),
(1729, 'Kisbeszterce'),
(1730, 'Kishajmás'),
(1731, 'Mindszentgodisa'),
(1732, 'Bakóca'),
(1733, 'Magyarhertelend'),
(1734, 'Bodolyabér'),
(1735, 'Magyarszék'),
(1736, 'Kaposvár'),
(1737, 'Orci'),
(1738, 'Zselickislak'),
(1739, 'Juta'),
(1740, 'Csombárd'),
(1741, 'Hetes'),
(1742, 'Mezőcsokonya'),
(1743, 'Somogysárd'),
(1744, 'Újvárfalva'),
(1745, 'Bodrog'),
(1746, 'Magyaregres'),
(1747, 'Várda'),
(1748, 'Alsóbogát'),
(1749, 'Somogyjád'),
(1750, 'Edde'),
(1751, 'Osztopán'),
(1752, 'Somogyaszaló'),
(1753, 'Mernye'),
(1754, 'Somodor'),
(1755, 'Somogygeszti'),
(1756, 'Felsőmocsolád'),
(1757, 'Ecseny'),
(1758, 'Polány'),
(1759, 'Magyaratád'),
(1760, 'Patalom'),
(1761, 'Ráksi'),
(1762, 'Szentgáloskér'),
(1763, 'Zimány'),
(1764, 'Cserénfa'),
(1765, 'Szentbalázs'),
(1766, 'Gálosfa'),
(1767, 'Kaposgyarmat'),
(1768, 'Hajmás'),
(1769, 'Zselicszentpál'),
(1770, 'Simonfa'),
(1771, 'Bőszénfa'),
(1772, 'Kaposszerdahely'),
(1773, 'Patca'),
(1774, 'Szenna'),
(1775, 'Zselickisfalud'),
(1776, 'Szilvásszentmárton'),
(1777, 'Bárdudvarnok'),
(1778, 'Sántos'),
(1779, 'Nagyatád'),
(1780, 'Ötvöskónyi'),
(1781, 'Mike'),
(1782, 'Rinyaszentkirály'),
(1783, 'Tarany'),
(1784, 'Somogyudvarhely'),
(1785, 'Berzence'),
(1786, 'Bolhás'),
(1787, 'Kaposmérő'),
(1788, 'Kaposújlak'),
(1789, 'Kisasszond'),
(1790, 'Kaposfő'),
(1791, 'Kiskorpád'),
(1792, 'Jákó'),
(1793, 'Csököly'),
(1794, 'Rinyakovácsi'),
(1795, 'Gige'),
(1796, 'Kőkút'),
(1797, 'Kadarkút'),
(1798, 'Hencse'),
(1799, 'Visnye'),
(1800, 'Hedrehely'),
(1801, 'Lad'),
(1802, 'Patosfa'),
(1803, 'Homokszentgyörgy'),
(1804, 'Kálmáncsa'),
(1805, 'Szulok'),
(1806, 'Kutas'),
(1807, 'Kisbajom'),
(1808, 'Beleg'),
(1809, 'Szabás'),
(1810, 'Nagykorpád'),
(1811, 'Lábod'),
(1812, 'Rinyabesenyő'),
(1813, 'Görgeteg'),
(1814, 'Csokonyavisonta'),
(1815, 'Rinyaújlak'),
(1816, 'Nagybajom'),
(1817, 'Pálmajor'),
(1818, 'Segesd'),
(1819, 'Somogyszob'),
(1820, 'Kaszó'),
(1821, 'Barcs'),
(1822, 'Komlósd'),
(1823, 'Péterhida'),
(1824, 'Babócsa'),
(1825, 'Rinyaújnép'),
(1826, 'Somogyaracs'),
(1827, 'Háromfa'),
(1828, 'Bakháza'),
(1829, 'Bolhó'),
(1830, 'Heresznye'),
(1831, 'Vízvár'),
(1832, 'Bélavár'),
(1833, 'Pécs'),
(1834, 'Erzsébet'),
(1835, 'Kékesd'),
(1836, 'Kátoly'),
(1837, 'Szellő'),
(1838, 'Máriakéménd'),
(1839, 'Berkesd'),
(1840, 'Szilágy'),
(1841, 'Pereked'),
(1842, 'Pogány'),
(1843, 'Gyód'),
(1844, 'Keszü'),
(1845, 'Kökény'),
(1846, 'Bicsérd'),
(1847, 'Zók'),
(1848, 'Aranyosgadány'),
(1849, 'Boda'),
(1850, 'Kővágószőlős'),
(1851, 'Cserkút'),
(1852, 'Kővágótöttös'),
(1853, 'Bakonya'),
(1854, 'Orfű'),
(1855, 'Abaliget'),
(1856, 'Kovácsszénája'),
(1857, 'Husztót'),
(1858, 'Okorvölgy'),
(1859, 'Hetvehely'),
(1860, 'Szentkatalin'),
(1861, 'Bükkösd'),
(1862, 'Helesfa'),
(1863, 'Dinnyeberki'),
(1864, 'Cserdi'),
(1865, 'Hosszúhetény'),
(1866, 'Ófalu'),
(1867, 'Mecseknádasd'),
(1868, 'Óbánya'),
(1869, 'Hidas'),
(1870, 'Mohács'),
(1871, 'Bár'),
(1872, 'Dunaszekcső'),
(1873, 'Homorúd'),
(1874, 'Kölked'),
(1875, 'Udvar'),
(1876, 'Apátvarasd'),
(1877, 'Martonfa'),
(1878, 'Lovászhetény'),
(1879, 'Zengővárkony'),
(1880, 'Pécsvárad'),
(1881, 'Erdősmecske'),
(1882, 'Feked'),
(1883, 'Szebény'),
(1884, 'Véménd'),
(1885, 'Palotabozsok'),
(1886, 'Görcsönydoboka'),
(1887, 'Somberek'),
(1888, 'Nagypall'),
(1889, 'Fazekasboda'),
(1890, 'Maráza'),
(1891, 'Geresdlak'),
(1892, 'Szűr'),
(1893, 'Erdősmárok'),
(1894, 'Himesháza'),
(1895, 'Székelyszabar'),
(1896, 'Bogád'),
(1897, 'Nagykozár'),
(1898, 'Romonya'),
(1899, 'Ellend'),
(1900, 'Olasz'),
(1901, 'Hásságy'),
(1902, 'Belvárdgyula'),
(1903, 'Birján'),
(1904, 'Szederkény'),
(1905, 'Monyoród'),
(1906, 'Versend'),
(1907, 'Szajk'),
(1908, 'Bóly'),
(1909, 'Töttös'),
(1910, 'Borjád'),
(1911, 'Pócsa'),
(1912, 'Kisbudmér'),
(1913, 'Nagybudmér'),
(1914, 'Babarc'),
(1915, 'Liptód'),
(1916, 'Lánycsók'),
(1917, 'Kisnyárád'),
(1918, 'Lothárd'),
(1919, 'Kozármisleny'),
(1920, 'Magyarsarlós'),
(1921, 'Pécsudvard'),
(1922, 'Áta'),
(1923, 'Szemely'),
(1924, 'Egerág'),
(1925, 'Szőkéd'),
(1926, 'Kisherend'),
(1927, 'Pécsdevecser'),
(1928, 'Újpetre'),
(1929, 'Peterd'),
(1930, 'Kiskassa'),
(1931, 'Kistótfalu'),
(1932, 'Vokány'),
(1933, 'Palkonya'),
(1934, 'Ivánbattyán'),
(1935, 'Villánykövesd'),
(1936, 'Villány'),
(1937, 'Kisjakabfalva'),
(1938, 'Márok'),
(1939, 'Illocska'),
(1940, 'Magyarbóly'),
(1941, 'Kislippó'),
(1942, 'Lapáncsa'),
(1943, 'Ivándárda'),
(1944, 'Lippó'),
(1945, 'Sárok'),
(1946, 'Bezedek'),
(1947, 'Majs'),
(1948, 'Nagynyárád'),
(1949, 'Sátorhely'),
(1950, 'Kisharsány'),
(1951, 'Siklós'),
(1952, 'Nagytótfalu'),
(1953, 'Bisse'),
(1954, 'Szalánta'),
(1955, 'Bosta'),
(1956, 'Szilvás'),
(1957, 'Csarnóta'),
(1958, 'Túrony'),
(1959, 'Garé'),
(1960, 'Szava'),
(1961, 'Babarcszőlős'),
(1962, 'Ócsárd'),
(1963, 'Kisdér'),
(1964, 'Siklósbodony'),
(1965, 'Harkány'),
(1966, 'Rádfalva'),
(1967, 'Diósviszló'),
(1968, 'Márfa'),
(1969, 'Nagyharsány'),
(1970, 'Kistapolca'),
(1971, 'Siklósnagyfalu'),
(1972, 'Egyházasharaszti'),
(1973, 'Old'),
(1974, 'Alsószentmárton'),
(1975, 'Kásád'),
(1976, 'Beremend'),
(1977, 'Pellérd'),
(1978, 'Görcsöny'),
(1979, 'Szőke'),
(1980, 'Regenye'),
(1981, 'Baksa'),
(1982, 'Tengeri'),
(1983, 'Téseny'),
(1984, 'Bogádmindszent'),
(1985, 'Ózdfalu'),
(1986, 'Hegyszentmárton'),
(1987, 'Nagycsány'),
(1988, 'Hirics'),
(1989, 'Piskó'),
(1990, 'Besence'),
(1991, 'Vajszló'),
(1992, 'Lúzsok'),
(1993, 'Páprád'),
(1994, 'Vejti'),
(1995, 'Kemse'),
(1996, 'Zaláta'),
(1997, 'Baranyahídvég'),
(1998, 'Sámod'),
(1999, 'Adorjás'),
(2000, 'Kisszentmárton'),
(2001, 'Kórós'),
(2002, 'Cún'),
(2003, 'Kémes'),
(2004, 'Drávapiski'),
(2005, 'Tésenfa'),
(2006, 'Szaporca'),
(2007, 'Drávacsepely'),
(2008, 'Kovácshida'),
(2009, 'Drávaszerdahely'),
(2010, 'Ipacsfa'),
(2011, 'Drávacsehi'),
(2012, 'Drávapalkonya'),
(2013, 'Drávaszabolcs'),
(2014, 'Gordisa'),
(2015, 'Matty'),
(2016, 'Botykapeterd'),
(2017, 'Szigetvár'),
(2018, 'Csertő'),
(2019, 'Nyugotszenterzsébet'),
(2020, 'Nagyváty'),
(2021, 'Nagypeterd'),
(2022, 'Szentdénes'),
(2023, 'Katádfa'),
(2024, 'Rózsafa'),
(2025, 'Bánfa'),
(2026, 'Szentegát'),
(2027, 'Dencsháza'),
(2028, 'Tótújfalu'),
(2029, 'Szentborbás'),
(2030, 'Lakócsa'),
(2031, 'Somogyhatvan'),
(2032, 'Basal'),
(2033, 'Somogyapáti'),
(2034, 'Somogyviszló'),
(2035, 'Patapoklosi'),
(2036, 'Magyarlukafa'),
(2037, 'Somogyhárságy'),
(2038, 'Vásárosbéc'),
(2039, 'Almáskeresztúr'),
(2040, 'Szulimán'),
(2041, 'Mozsgó'),
(2042, 'Almamellék'),
(2043, 'Horváthertelend'),
(2044, 'Csebény'),
(2045, 'Ibafa'),
(2046, 'Szentlászló'),
(2047, 'Boldogasszonyfa'),
(2048, 'Szentlőrinc'),
(2049, 'Csonkamindszent'),
(2050, 'Kacsóta'),
(2051, 'Gerde'),
(2052, 'Pécsbagota'),
(2053, 'Szabadszentkirály'),
(2054, 'Velény'),
(2055, 'Királyegyháza'),
(2056, 'Gilvánfa'),
(2057, 'Magyartelek'),
(2058, 'Gyöngyfa'),
(2059, 'Kisasszonyfa'),
(2060, 'Magyarmecske'),
(2061, 'Okorág'),
(2062, 'Kákics'),
(2063, 'Marócsa'),
(2064, 'Drávaiványi'),
(2065, 'Sellye'),
(2066, 'Drávasztára'),
(2067, 'Sósvertike'),
(2068, 'Sumony'),
(2069, 'Csányoszró'),
(2070, 'Bogdása'),
(2071, 'Markóc'),
(2072, 'Drávafok'),
(2073, 'Drávakeresztúr'),
(2074, 'Felsőszentmárton'),
(2075, 'Hobol'),
(2076, 'Gyöngyösmellék'),
(2077, 'Pettend'),
(2078, 'Bürüs'),
(2079, 'Teklafalu'),
(2080, 'Endrőc'),
(2081, 'Várad'),
(2082, 'Kétújfalu'),
(2083, 'Zádor'),
(2084, 'Szörény'),
(2085, 'Drávagárdony'),
(2086, 'Potony'),
(2087, 'Kastélyosdombó'),
(2088, 'Drávatamási'),
(2089, 'Kistamási'),
(2090, 'Merenye'),
(2091, 'Tótszentgyörgy'),
(2092, 'Molvány'),
(2093, 'Nemeske'),
(2094, 'Kisdobsza'),
(2095, 'Nagydobsza'),
(2096, 'Istvándi'),
(2097, 'Darány'),
(2098, 'Székesfehérvár'),
(2099, 'Csór'),
(2100, 'Moha'),
(2101, 'Iszkaszentgyörgy'),
(2102, 'Kincsesbánya'),
(2103, 'Isztimér'),
(2104, 'Bakonykúti'),
(2105, 'Sárkeresztes'),
(2106, 'Fehérvárcsurgó'),
(2107, 'Bodajk'),
(2108, 'Balinka'),
(2109, 'Bakonycsernye'),
(2110, 'Mór'),
(2111, 'Nagyveleg'),
(2112, 'Pusztavám'),
(2113, 'Magyaralmás'),
(2114, 'Söréd'),
(2115, 'Csákberény'),
(2116, 'Csókakő'),
(2117, 'Bodmér'),
(2118, 'Zámoly'),
(2119, 'Gánt'),
(2120, 'Csákvár'),
(2121, 'Vértesboglár'),
(2122, 'Felcsút'),
(2123, 'Alcsútdoboz'),
(2124, 'Tabajd'),
(2125, 'Vértesacsa'),
(2126, 'Pátka'),
(2127, 'Lovasberény'),
(2128, 'Pákozd'),
(2129, 'Sukoró'),
(2130, 'Nadap'),
(2131, 'Várpalota'),
(2132, 'Pétfürdő'),
(2133, 'Tés'),
(2134, 'Seregélyes'),
(2135, 'Zichyújfalu'),
(2136, 'Tác'),
(2137, 'Csősz'),
(2138, 'Soponya'),
(2139, 'Káloz'),
(2140, 'Sárkeresztúr'),
(2141, 'Sárszentágota'),
(2142, 'Aba'),
(2143, 'Enying'),
(2144, 'Lepsény'),
(2145, 'Mezőszentgyörgy'),
(2146, 'Mátyásdomb'),
(2147, 'Dég'),
(2148, 'Lajoskomárom'),
(2149, 'Mezőkomárom'),
(2150, 'Szabadhídvég'),
(2151, 'Úrhida'),
(2152, 'Sárszentmihály'),
(2153, 'Sárkeszi'),
(2154, 'Nádasdladány'),
(2155, 'Jenő'),
(2156, 'Szabadbattyán'),
(2157, 'Kőszárhegy'),
(2158, 'Polgárdi'),
(2159, 'Kisláng'),
(2160, 'Füle'),
(2161, 'Ősi'),
(2162, 'Küngös'),
(2163, 'Csajág'),
(2164, 'Balatonfőkajár'),
(2165, 'Balatonvilágos'),
(2166, 'Balatonkenese'),
(2167, 'Balatonfűzfő'),
(2168, 'Berhida'),
(2169, 'Papkeszi'),
(2170, 'Öskü'),
(2171, 'Hajmáskér'),
(2172, 'Sóly'),
(2173, 'Vilonya'),
(2174, 'Királyszentistván'),
(2175, 'Litér'),
(2176, 'Veszprém'),
(2177, 'Balatonalmádi'),
(2178, 'Szentkirályszabadja'),
(2179, 'Alsóörs'),
(2180, 'Felsőörs'),
(2181, 'Lovas'),
(2182, 'Csopak'),
(2183, 'Paloznak'),
(2184, 'Balatonfüred'),
(2185, 'Balatonszőlős'),
(2186, 'Tihany'),
(2187, 'Aszófő'),
(2188, 'Örvényes'),
(2189, 'Balatonudvari'),
(2190, 'Balatonakali'),
(2191, 'Dörgicse'),
(2192, 'Pécsely'),
(2193, 'Vászoly'),
(2194, 'Tótvázsony'),
(2195, 'Hidegkút'),
(2196, 'Veszprémfajsz'),
(2197, 'Nemesvámos'),
(2198, 'Zánka'),
(2199, 'Balatonszepezd'),
(2200, 'Révfülöp'),
(2201, 'Kővágóörs'),
(2202, 'Kékkút'),
(2203, 'Balatonrendes'),
(2204, 'Salföld'),
(2205, 'Ábrahámhegy'),
(2206, 'Badacsonytomaj'),
(2207, 'Badacsonytördemic'),
(2208, 'Szigliget'),
(2209, 'Hegymagas'),
(2210, 'Mencshely'),
(2211, 'Balatoncsicsó'),
(2212, 'Szentjakabfa'),
(2213, 'Szentantalfa'),
(2214, 'Óbudavár'),
(2215, 'Tagyon'),
(2216, 'Monoszló'),
(2217, 'Köveskál'),
(2218, 'Balatonhenye'),
(2219, 'Szentbékkálla'),
(2220, 'Mindszentkálla'),
(2221, 'Káptalantóti'),
(2222, 'Kisapáti'),
(2223, 'Nemesgulács'),
(2224, 'Gyulakeszi'),
(2225, 'Vöröstó'),
(2226, 'Barnag'),
(2227, 'Nagyvázsony'),
(2228, 'Pula'),
(2229, 'Öcs'),
(2230, 'Kapolcs'),
(2231, 'Vigántpetend'),
(2232, 'Taliándörögd'),
(2233, 'Hegyesd'),
(2234, 'Monostorapáti'),
(2235, 'Raposka'),
(2236, 'Tapolca'),
(2237, 'Zalahaláp'),
(2238, 'Sáska'),
(2239, 'Nemesvita'),
(2240, 'Balatonederics'),
(2241, 'Balatongyörök'),
(2242, 'Vonyarcvashegy'),
(2243, 'Gyenesdiás'),
(2244, 'Vállus'),
(2245, 'Várvölgy'),
(2246, 'Lesencefalu'),
(2247, 'Lesencetomaj'),
(2248, 'Lesenceistvánd'),
(2249, 'Uzsa'),
(2250, 'Sümeg'),
(2251, 'Szalapa'),
(2252, 'Kisvásárhely'),
(2253, 'Mihályfa'),
(2254, 'Óhíd'),
(2255, 'Hetyefő'),
(2256, 'Zalaerdőd'),
(2257, 'Dabronc'),
(2258, 'Gógánfa'),
(2259, 'Ukk'),
(2260, 'Megyer'),
(2261, 'Zalameggyes'),
(2262, 'Rigács'),
(2263, 'Zalagyömörő'),
(2264, 'Sümegprága'),
(2265, 'Bazsi'),
(2266, 'Vindornyalak'),
(2267, 'Zalaszántó'),
(2268, 'Karmacs'),
(2269, 'Zalaköveskút'),
(2270, 'Vindornyafok'),
(2271, 'Vindornyaszőlős'),
(2272, 'Nagygörbő'),
(2273, 'Kisgörbő'),
(2274, 'Döbröce'),
(2275, 'Sümegcsehi'),
(2276, 'Keszthely'),
(2277, 'Nemesbük'),
(2278, 'Cserszegtomaj'),
(2279, 'Rezi'),
(2280, 'Felsőpáhok'),
(2281, 'Hévíz'),
(2282, 'Sármellék'),
(2283, 'Zalavár'),
(2284, 'Szentgyörgyvár'),
(2285, 'Alsópáhok'),
(2286, 'Ajka'),
(2287, 'Úrkút'),
(2288, 'Eplény'),
(2289, 'Olaszfalu'),
(2290, 'Nagyesztergár'),
(2291, 'Dudar'),
(2292, 'Csetény'),
(2293, 'Bakonyoszlop'),
(2294, 'Csesznek'),
(2295, 'Zirc'),
(2296, 'Bakonynána'),
(2297, 'Szápár'),
(2298, 'Jásd'),
(2299, 'Lókút'),
(2300, 'Pénzesgyőr'),
(2301, 'Bakonybél'),
(2302, 'Borzavár'),
(2303, 'Porva'),
(2304, 'Bakonyszentkirály'),
(2305, 'Bakonyszentlászló'),
(2306, 'Fenyőfő'),
(2307, 'Bakonygyirót'),
(2308, 'Románd'),
(2309, 'Gic'),
(2310, 'Bakonypéterd'),
(2311, 'Lázi'),
(2312, 'Veszprémvarsány'),
(2313, 'Sikátor'),
(2314, 'Herend'),
(2315, 'Márkó'),
(2316, 'Hárskút'),
(2317, 'Bánd'),
(2318, 'Szentgál'),
(2319, 'Csehbánya'),
(2320, 'Városlőd'),
(2321, 'Kislőd'),
(2322, 'Magyarpolány'),
(2323, 'Halimba'),
(2324, 'Szőc'),
(2325, 'Nyirád'),
(2326, 'Pusztamiske'),
(2327, 'Noszlop'),
(2328, 'Bakonypölöske'),
(2329, 'Oroszi'),
(2330, 'Devecser'),
(2331, 'Kolontár'),
(2332, 'Kamond'),
(2333, 'Nemeshany'),
(2334, 'Káptalanfa'),
(2335, 'Bodorfa'),
(2336, 'Gyepükaján'),
(2337, 'Csabrendek'),
(2338, 'Hosztót'),
(2339, 'Veszprémgalsa'),
(2340, 'Szentimrefalva'),
(2341, 'Zalaszegvár'),
(2342, 'Apácatorna'),
(2343, 'Tüskevár'),
(2344, 'Kisberzseny'),
(2345, 'Somlójenő'),
(2346, 'Borszörcsök'),
(2347, 'Somlóvásárhely'),
(2348, 'Doba'),
(2349, 'Kisszőlős'),
(2350, 'Somlószőlős'),
(2351, 'Vid'),
(2352, 'Somlóvecse'),
(2353, 'Nagyalásony'),
(2354, 'Dabrony'),
(2355, 'Karakószörcsök'),
(2356, 'Kerta'),
(2357, 'Iszkáz'),
(2358, 'Kiscsősz'),
(2359, 'Csögle'),
(2360, 'Kispirit'),
(2361, 'Nagypirit'),
(2362, 'Adorjánháza'),
(2363, 'Egeralja'),
(2364, 'Pápa'),
(2365, 'Nyárád'),
(2366, 'Mihályháza'),
(2367, 'Mezőlak'),
(2368, 'Békás'),
(2369, 'Kemeneshőgyész'),
(2370, 'Magyargencs'),
(2371, 'Kemenesszentpéter'),
(2372, 'Nagyacsád'),
(2373, 'Nemesgörzsöny'),
(2374, 'Egyházaskesző'),
(2375, 'Várkesző'),
(2376, 'Marcaltő'),
(2377, 'Malomsok'),
(2378, 'Csikvánd'),
(2379, 'Takácsi'),
(2380, 'Vaszar'),
(2381, 'Gecse'),
(2382, 'Szerecseny'),
(2383, 'Gyarmat'),
(2384, 'Nagygyimót'),
(2385, 'Vanyola'),
(2386, 'Lovászpatona'),
(2387, 'Nagydém'),
(2388, 'Bakonytamási'),
(2389, 'Pápateszér'),
(2390, 'Bakonyság'),
(2391, 'Bakonyszentiván'),
(2392, 'Csót'),
(2393, 'Adásztevel'),
(2394, 'Nagytevel'),
(2395, 'Homokbödöge'),
(2396, 'Ugod'),
(2397, 'Béb'),
(2398, 'Bakonykoppány'),
(2399, 'Bakonyszücs'),
(2400, 'Németbánya'),
(2401, 'Bakonyjákó'),
(2402, 'Farkasgyepű'),
(2403, 'Nóráp'),
(2404, 'Dáka'),
(2405, 'Pápadereske'),
(2406, 'Pápasalamon'),
(2407, 'Kup'),
(2408, 'Pápakovácsi'),
(2409, 'Ganna'),
(2410, 'Döbrönte'),
(2411, 'Siófok'),
(2412, 'Nyim'),
(2413, 'Balatonendréd'),
(2414, 'Bálványos'),
(2415, 'Kőröshegy'),
(2416, 'Kereki'),
(2417, 'Pusztaszemes'),
(2418, 'Zamárdi'),
(2419, 'Szántód'),
(2420, 'Balatonföldvár'),
(2421, 'Balatonszárszó'),
(2422, 'Szólád'),
(2423, 'Teleki'),
(2424, 'Kötcse'),
(2425, 'Nagycsepely'),
(2426, 'Balatonboglár'),
(2427, 'Ordacsehi'),
(2428, 'Balatonszemes'),
(2429, 'Balatonőszöd'),
(2430, 'Balatonlelle'),
(2431, 'Fonyód'),
(2432, 'Balatonfenyves'),
(2433, 'Balatonmáriafürdő'),
(2434, 'Balatonkeresztúr'),
(2435, 'Balatonberény'),
(2436, 'Balatonszabadi'),
(2437, 'Siójut'),
(2438, 'Ádánd'),
(2439, 'Ságvár'),
(2440, 'Som'),
(2441, 'Nagyberény'),
(2442, 'Bábonymegyer'),
(2443, 'Tab'),
(2444, 'Zala'),
(2445, 'Torvaj'),
(2446, 'Sérsekszőlős'),
(2447, 'Lulla'),
(2448, 'Bedegkér'),
(2449, 'Somogyegres'),
(2450, 'Kánya'),
(2451, 'Tengőd'),
(2452, 'Kapoly'),
(2453, 'Zics'),
(2454, 'Somogymeggyes'),
(2455, 'Nágocs'),
(2456, 'Andocs'),
(2457, 'Karád'),
(2458, 'Visz'),
(2459, 'Látrány'),
(2460, 'Somogytúr'),
(2461, 'Somogybabod'),
(2462, 'Gamás'),
(2463, 'Gyugy'),
(2464, 'Szőlősgyörök'),
(2465, 'Kisberény'),
(2466, 'Lengyeltóti'),
(2467, 'Hács'),
(2468, 'Buzsák'),
(2469, 'Táska'),
(2470, 'Öreglak'),
(2471, 'Pamuk'),
(2472, 'Somogyvár'),
(2473, 'Somogyvámos'),
(2474, 'Csömend'),
(2475, 'Marcali'),
(2476, 'Somogyszentpál'),
(2477, 'Nikla'),
(2478, 'Pusztakovácsi'),
(2479, 'Libickozma'),
(2480, 'Somogyfajsz'),
(2481, 'Balatonszentgyörgy'),
(2482, 'Vörs'),
(2483, 'Balatonújlak'),
(2484, 'Kéthely'),
(2485, 'Kelevíz'),
(2486, 'Gadány'),
(2487, 'Mesztegnyő'),
(2488, 'Hosszúvíz'),
(2489, 'Szenyér'),
(2490, 'Nemeskisfalud'),
(2491, 'Tapsony'),
(2492, 'Böhönye'),
(2493, 'Vése'),
(2494, 'Nemesdéd'),
(2495, 'Varászló'),
(2496, 'Inke'),
(2497, 'Iharosberény'),
(2498, 'Somogycsicsó'),
(2499, 'Iharos'),
(2500, 'Pogányszentpéter'),
(2501, 'Hollád'),
(2502, 'Tikos'),
(2503, 'Főnyed'),
(2504, 'Sávoly'),
(2505, 'Szegerdő'),
(2506, 'Somogysámson'),
(2507, 'Somogyzsitfa'),
(2508, 'Csákány'),
(2509, 'Szőkedencs'),
(2510, 'Somogysimonyi'),
(2511, 'Nemesvid'),
(2512, 'Nagyszakácsi'),
(2513, 'Zalaapáti'),
(2514, 'Bókaháza'),
(2515, 'Esztergályhorváti'),
(2516, 'Zalaszabar'),
(2517, 'Orosztony'),
(2518, 'Kerecseny'),
(2519, 'Nagyrada'),
(2520, 'Garabonc'),
(2521, 'Zalamerenye'),
(2522, 'Zalakaros'),
(2523, 'Zalakomár'),
(2524, 'Balatonmagyaród'),
(2525, 'Galambok'),
(2526, 'Kisrécse'),
(2527, 'Csapi'),
(2528, 'Zalasárszeg'),
(2529, 'Nagyrécse'),
(2530, 'Zalaigrice'),
(2531, 'Pacsa'),
(2532, 'Gétye'),
(2533, 'Szentpéterúr'),
(2534, 'Dióskál'),
(2535, 'Zalaszentmárton'),
(2536, 'Egeraracsa'),
(2537, 'Pötréte'),
(2538, 'Felsőrajk'),
(2539, 'Alsórajk'),
(2540, 'Hahót'),
(2541, 'Zalaszentbalázs'),
(2542, 'Börzönce'),
(2543, 'Pölöskefő'),
(2544, 'Kacorlak'),
(2545, 'Kilimán'),
(2546, 'Gelse'),
(2547, 'Gelsesziget'),
(2548, 'Magyarszerdahely'),
(2549, 'Bocska'),
(2550, 'Magyarszentmiklós'),
(2551, 'Fűzvölgy'),
(2552, 'Homokkomárom'),
(2553, 'Hosszúvölgy'),
(2554, 'Újudvar'),
(2555, 'Ligetfalva'),
(2556, 'Zalacsány'),
(2557, 'Tilaj'),
(2558, 'Kehidakustány'),
(2559, 'Kallósd'),
(2560, 'Zalaszentlászló'),
(2561, 'Sénye'),
(2562, 'Zalaszentgrót'),
(2563, 'Zalavég'),
(2564, 'Türje'),
(2565, 'Batyk'),
(2566, 'Zalabér'),
(2567, 'Dötk'),
(2568, 'Pakod'),
(2569, 'Nagykanizsa'),
(2570, 'Nagybakónak'),
(2571, 'Zalaújlak'),
(2572, 'Sand'),
(2573, 'Miháld'),
(2574, 'Pat'),
(2575, 'Zalaszentjakab'),
(2576, 'Liszó'),
(2577, 'Murakeresztúr'),
(2578, 'Fityeház'),
(2579, 'Csurgónagymarton'),
(2580, 'Csurgó'),
(2581, 'Szenta'),
(2582, 'Gyékényes'),
(2583, 'Zákány'),
(2584, 'Zákányfalu'),
(2585, 'Őrtilos'),
(2586, 'Belezna'),
(2587, 'Nemespátró'),
(2588, 'Surd'),
(2589, 'Somogybükkösd'),
(2590, 'Porrogszentkirály'),
(2591, 'Porrogszentpál'),
(2592, 'Porrog'),
(2593, 'Szepetnek'),
(2594, 'Semjénháza'),
(2595, 'Molnári'),
(2596, 'Tótszerdahely'),
(2597, 'Tótszentmárton'),
(2598, 'Becsehely'),
(2599, 'Petrivente'),
(2600, 'Kistolmács'),
(2601, 'Letenye'),
(2602, 'Zajk'),
(2603, 'Murarátka'),
(2604, 'Szentmargitfalva'),
(2605, 'Muraszemenye'),
(2606, 'Csörnyeföld'),
(2607, 'Kerkaszentkirály'),
(2608, 'Dobri'),
(2609, 'Tormafölde'),
(2610, 'Tornyiszentmiklós'),
(2611, 'Lovászi'),
(2612, 'Kerkateskánd'),
(2613, 'Szécsisziget'),
(2614, 'Sormás'),
(2615, 'Eszteregnye'),
(2616, 'Rigyác'),
(2617, 'Borsfa'),
(2618, 'Valkonya'),
(2619, 'Oltárc'),
(2620, 'Bázakerettye'),
(2621, 'Lasztonya'),
(2622, 'Lispeszentadorján'),
(2623, 'Kiscsehi'),
(2624, 'Maróc'),
(2625, 'Bánokszentgyörgy'),
(2626, 'Várfölde'),
(2627, 'Bucsuta'),
(2628, 'Szentliszló'),
(2629, 'Pusztamagyaród'),
(2630, 'Pusztaszentlászló'),
(2631, 'Söjtör'),
(2632, 'Zalaegerszeg'),
(2633, 'Kiskutas'),
(2634, 'Nagykutas'),
(2635, 'Kispáli'),
(2636, 'Nagypáli'),
(2637, 'Egervár'),
(2638, 'Lakhegy'),
(2639, 'Gősfa'),
(2640, 'Vasboldogasszony'),
(2641, 'Nemesrádó'),
(2642, 'Dobronhegy'),
(2643, 'Pálfiszeg'),
(2644, 'Milejszeg'),
(2645, 'Csonkahegyhát'),
(2646, 'Németfalu'),
(2647, 'Kustánszeg'),
(2648, 'Zalaszentiván'),
(2649, 'Zalaszentlőrinc'),
(2650, 'Alibánfa'),
(2651, 'Pethőhenye'),
(2652, 'Nemesapáti'),
(2653, 'Alsónemesapáti'),
(2654, 'Nemessándorháza'),
(2655, 'Búcsúszentlászló'),
(2656, 'Nemesszentandrás'),
(2657, 'Kisbucsa'),
(2658, 'Nemeshetés'),
(2659, 'Pölöske'),
(2660, 'Vöckönd'),
(2661, 'Kemendollár'),
(2662, 'Gyűrűs'),
(2663, 'Pókaszepetk'),
(2664, 'Zalaistvánd'),
(2665, 'Bezeréd'),
(2666, 'Orbányosfa'),
(2667, 'Almásháza'),
(2668, 'Nagykapornak'),
(2669, 'Misefa'),
(2670, 'Padár'),
(2671, 'Zalaszentmihály'),
(2672, 'Bocfölde'),
(2673, 'Csatár'),
(2674, 'Sárhida'),
(2675, 'Bak'),
(2676, 'Tófej'),
(2677, 'Baktüttös'),
(2678, 'Pusztaederics'),
(2679, 'Szentkozmadombja'),
(2680, 'Zalatárnok'),
(2681, 'Barlahida'),
(2682, 'Nova'),
(2683, 'Mikekarácsonyfa'),
(2684, 'Gutorfölde'),
(2685, 'Csertalakos'),
(2686, 'Szentpéterfölde'),
(2687, 'Ortaháza'),
(2688, 'Kányavár'),
(2689, 'Pördefölde'),
(2690, 'Páka'),
(2691, 'Csömödér'),
(2692, 'Kissziget'),
(2693, 'Hernyék'),
(2694, 'Zebecke'),
(2695, 'Iklódbördőce'),
(2696, 'Lenti'),
(2697, 'Bödeháza'),
(2698, 'Zalaszombatfa'),
(2699, 'Gáborjánháza'),
(2700, 'Szijártóháza'),
(2701, 'Zalabaksa'),
(2702, 'Kerkabarabás'),
(2703, 'Felsőszenterzsébet'),
(2704, 'Magyarföld'),
(2705, 'Alsószenterzsébet'),
(2706, 'Ramocsa'),
(2707, 'Csesztreg'),
(2708, 'Kerkafalva'),
(2709, 'Kerkakutas'),
(2710, 'Szentgyörgyvölgy'),
(2711, 'Nemesnép'),
(2712, 'Márokföld'),
(2713, 'Baglad'),
(2714, 'Lendvajakabfa'),
(2715, 'Resznek'),
(2716, 'Belsősárd'),
(2717, 'Lendvadedes'),
(2718, 'Gosztola'),
(2719, 'Rédics'),
(2720, 'Külsősárd'),
(2721, 'Gellénháza'),
(2722, 'Lickóvadamos'),
(2723, 'Babosdöbréte'),
(2724, 'Nagylengyel'),
(2725, 'Ormándlak'),
(2726, 'Iborfia'),
(2727, 'Petrikeresztúr'),
(2728, 'Gombosszeg'),
(2729, 'Becsvölgye'),
(2730, 'Pusztaapáti'),
(2731, 'Szilvágy'),
(2732, 'Pórszombat'),
(2733, 'Kálócfa'),
(2734, 'Kozmadombja'),
(2735, 'Hottó'),
(2736, 'Teskánd'),
(2737, 'Böde'),
(2738, 'Zalaboldogfa'),
(2739, 'Boncodfölde'),
(2740, 'Bagod'),
(2741, 'Hagyárosbörönd'),
(2742, 'Zalaszentgyörgy'),
(2743, 'Kávás'),
(2744, 'Keménfa'),
(2745, 'Salomvár'),
(2746, 'Zalacséb'),
(2747, 'Zalaháshágy'),
(2748, 'Vaspör'),
(2749, 'Ozmánbük');
INSERT INTO `locations` (`locationID`, `location`) VALUES
(2750, 'Csöde'),
(2751, 'Zalalövő'),
(2752, 'Győr'),
(2753, 'Vámosszabadi'),
(2754, 'Vének'),
(2755, 'Kisbajcs'),
(2756, 'Nagybajcs'),
(2757, 'Gönyű'),
(2758, 'Nagyszentjános'),
(2759, 'Bőny'),
(2760, 'Rétalap'),
(2761, 'Győrújbarát'),
(2762, 'Nyúl'),
(2763, 'Écs'),
(2764, 'Győrság'),
(2765, 'Pázmándfalu'),
(2766, 'Töltéstava'),
(2767, 'Pannonhalma'),
(2768, 'Ravazd'),
(2769, 'Tarjánpuszta'),
(2770, 'Győrasszonyfa'),
(2771, 'Tápszentmiklós'),
(2772, 'Táp'),
(2773, 'Nyalka'),
(2774, 'Mezőörs'),
(2775, 'Pér'),
(2776, 'Tét'),
(2777, 'Tényő'),
(2778, 'Sokorópátka'),
(2779, 'Koroncó'),
(2780, 'Győrszemere'),
(2781, 'Felpéc'),
(2782, 'Kajárpéc'),
(2783, 'Gyömöre'),
(2784, 'Mórichida'),
(2785, 'Árpás'),
(2786, 'Rábaszentmiklós'),
(2787, 'Kisbabot'),
(2788, 'Bodonhely'),
(2789, 'Rábaszentmihály'),
(2790, 'Rábacsécsény'),
(2791, 'Mérges'),
(2792, 'Ikrény'),
(2793, 'Rábapatona'),
(2794, 'Enese'),
(2795, 'Kóny'),
(2796, 'Bágyogszovát'),
(2797, 'Rábapordány'),
(2798, 'Dör'),
(2799, 'Abda'),
(2800, 'Börcs'),
(2801, 'Öttevény'),
(2802, 'Mosonszentmiklós'),
(2803, 'Lébény'),
(2804, 'Győrsövényház'),
(2805, 'Bezi'),
(2806, 'Fehértó'),
(2807, 'Markotabödöge'),
(2808, 'Cakóháza'),
(2809, 'Rábcakapi'),
(2810, 'Tárnokréti'),
(2811, 'Bősárkány'),
(2812, 'Acsalag'),
(2813, 'Maglóca'),
(2814, 'Barbacs'),
(2815, 'Győrújfalu'),
(2816, 'Győrzámoly'),
(2817, 'Győrladamér'),
(2818, 'Dunaszeg'),
(2819, 'Dunaszentpál'),
(2820, 'Mecsér'),
(2821, 'Ásványráró'),
(2822, 'Hédervár'),
(2823, 'Kimle'),
(2824, 'Károlyháza'),
(2825, 'Kunsziget'),
(2826, 'Mosonmagyaróvár'),
(2827, 'Feketeerdő'),
(2828, 'Levél'),
(2829, 'Hegyeshalom'),
(2830, 'Bezenye'),
(2831, 'Rajka'),
(2832, 'Dunakiliti'),
(2833, 'Dunasziget'),
(2834, 'Halászi'),
(2835, 'Máriakálnok'),
(2836, 'Darnózseli'),
(2837, 'Lipót'),
(2838, 'Kisbodak'),
(2839, 'Dunaremete'),
(2840, 'Püski'),
(2841, 'Jánossomorja'),
(2842, 'Várbalog'),
(2843, 'Újrónafő'),
(2844, 'Mosonszolnok'),
(2845, 'Csorna'),
(2846, 'Pásztori'),
(2847, 'Szilsárkány'),
(2848, 'Rábacsanak'),
(2849, 'Egyed'),
(2850, 'Sobor'),
(2851, 'Rábaszentandrás'),
(2852, 'Szany'),
(2853, 'Farád'),
(2854, 'Rábatamási'),
(2855, 'Jobaháza'),
(2856, 'Potyond'),
(2857, 'Bogyoszló'),
(2858, 'Sopronnémeti'),
(2859, 'Szil'),
(2860, 'Rábasebes'),
(2861, 'Vág'),
(2862, 'Kapuvár'),
(2863, 'Kisfalud'),
(2864, 'Mihályi'),
(2865, 'Beled'),
(2866, 'Vásárosfalu'),
(2867, 'Edve'),
(2868, 'Rábakecöl'),
(2869, 'Páli'),
(2870, 'Magyarkeresztúr'),
(2871, 'Vadosfa'),
(2872, 'Zsebeháza'),
(2873, 'Babót'),
(2874, 'Veszkény'),
(2875, 'Szárföld'),
(2876, 'Osli'),
(2877, 'Hövej'),
(2878, 'Himod'),
(2879, 'Gyóró'),
(2880, 'Cirák'),
(2881, 'Dénesfa'),
(2882, 'Vitnyéd'),
(2883, 'Csapod'),
(2884, 'Pusztacsalád'),
(2885, 'Iván'),
(2886, 'Répceszemere'),
(2887, 'Csáfordjánosfa'),
(2888, 'Csér'),
(2889, 'Sopron'),
(2890, 'Fertőrákos'),
(2891, 'Harka'),
(2892, 'Ágfalva'),
(2893, 'Fertőd'),
(2894, 'Sarród'),
(2895, 'Fertőszéplak'),
(2896, 'Hegykő'),
(2897, 'Agyagosszergény'),
(2898, 'Fertőendréd'),
(2899, 'Petőháza'),
(2900, 'Fertőszentmiklós'),
(2901, 'Röjtökmuzsaj'),
(2902, 'Ebergőc'),
(2903, 'Lövő'),
(2904, 'Völcsej'),
(2905, 'Sopronhorpács'),
(2906, 'Und'),
(2907, 'Nemeskér'),
(2908, 'Újkér'),
(2909, 'Egyházasfalu'),
(2910, 'Szakony'),
(2911, 'Gyalóka'),
(2912, 'Répcevis'),
(2913, 'Zsira'),
(2914, 'Pinnye'),
(2915, 'Nagylózs'),
(2916, 'Sopronkövesd'),
(2917, 'Pereszteg'),
(2918, 'Nagycenk'),
(2919, 'Hidegség'),
(2920, 'Fertőhomok'),
(2921, 'Fertőboz'),
(2922, 'Kópháza'),
(2923, 'Celldömölk'),
(2924, 'Kemenesmihályfa'),
(2925, 'Ostffyasszonyfa'),
(2926, 'Csönge'),
(2927, 'Kenyeri'),
(2928, 'Pápoc'),
(2929, 'Vönöck'),
(2930, 'Kemenessömjén'),
(2931, 'Kemenesszentmárton'),
(2932, 'Kemenesmagasi'),
(2933, 'Szergény'),
(2934, 'Mersevát'),
(2935, 'Külsővat'),
(2936, 'Nemesszalók'),
(2937, 'Vinár'),
(2938, 'Marcalgergelyi'),
(2939, 'Nemeskocs'),
(2940, 'Boba'),
(2941, 'Kemenespálfa'),
(2942, 'Jánosháza'),
(2943, 'Karakó'),
(2944, 'Nemeskeresztúr'),
(2945, 'Keléd'),
(2946, 'Mesteri'),
(2947, 'Vásárosmiske'),
(2948, 'Köcsk'),
(2949, 'Kemeneskápolna'),
(2950, 'Borgáta'),
(2951, 'Egyházashetye'),
(2952, 'Kissomlyó'),
(2953, 'Duka'),
(2954, 'Nagysimonyi'),
(2955, 'Tokorcs'),
(2956, 'Sárvár'),
(2957, 'Csénye'),
(2958, 'Porpác'),
(2959, 'Bögöt'),
(2960, 'Ölbő'),
(2961, 'Szeleste'),
(2962, 'Répceszentgyörgy'),
(2963, 'Chernelházadamonya'),
(2964, 'Bő'),
(2965, 'Gór'),
(2966, 'Hegyfalu'),
(2967, 'Sajtoskál'),
(2968, 'Simaság'),
(2969, 'Iklanberény'),
(2970, 'Lócs'),
(2971, 'Zsédeny'),
(2972, 'Pósfa'),
(2973, 'Rábapaty'),
(2974, 'Jákfa'),
(2975, 'Uraiújfalu'),
(2976, 'Nick'),
(2977, 'Répcelak'),
(2978, 'Csánig'),
(2979, 'Vasegerszeg'),
(2980, 'Tompaládony'),
(2981, 'Mesterháza'),
(2982, 'Nemesládony'),
(2983, 'Nagygeresd'),
(2984, 'Vámoscsalád'),
(2985, 'Sitke'),
(2986, 'Gérce'),
(2987, 'Káld'),
(2988, 'Vashosszúfalu'),
(2989, 'Bögöte'),
(2990, 'Hosszúpereszteg'),
(2991, 'Sótony'),
(2992, 'Nyőgér'),
(2993, 'Bejcgyertyános'),
(2994, 'Egervölgy'),
(2995, 'Szemenye'),
(2996, 'Szombathely'),
(2997, 'Gencsapáti'),
(2998, 'Perenye'),
(2999, 'Lukácsháza'),
(3000, 'Gyöngyösfalu'),
(3001, 'Kőszegszerdahely'),
(3002, 'Cák'),
(3003, 'Kőszegdoroszló'),
(3004, 'Velem'),
(3005, 'Bozsok'),
(3006, 'Kőszeg'),
(3007, 'Horvátzsidány'),
(3008, 'Kiszsidány'),
(3009, 'Ólmod'),
(3010, 'Peresznye'),
(3011, 'Csepreg'),
(3012, 'Tormásliget'),
(3013, 'Bük'),
(3014, 'Tömörd'),
(3015, 'Pusztacsó'),
(3016, 'Kőszegpaty'),
(3017, 'Nemescsó'),
(3018, 'Vassurány'),
(3019, 'Salköveskút'),
(3020, 'Söpte'),
(3021, 'Vasasszonyfa'),
(3022, 'Meszlen'),
(3023, 'Acsád'),
(3024, 'Vasszilvágy'),
(3025, 'Vát'),
(3026, 'Nemesbőd'),
(3027, 'Vép'),
(3028, 'Bozzai'),
(3029, 'Kenéz'),
(3030, 'Pecöl'),
(3031, 'Megyehíd'),
(3032, 'Ikervár'),
(3033, 'Meggyeskovácsi'),
(3034, 'Táplánszentkereszt'),
(3035, 'Tanakajd'),
(3036, 'Vasszécseny'),
(3037, 'Csempeszkopács'),
(3038, 'Rábatöttös'),
(3039, 'Zsennye'),
(3040, 'Rum'),
(3041, 'Balogunyom'),
(3042, 'Kisunyom'),
(3043, 'Sorokpolány'),
(3044, 'Gyanógeregye'),
(3045, 'Sorkikápolna'),
(3046, 'Sorkifalud'),
(3047, 'Nemeskolta'),
(3048, 'Püspökmolnári'),
(3049, 'Rábahídvég'),
(3050, 'Egyházashollós'),
(3051, 'Nemesrempehollós'),
(3052, 'Egyházasrádóc'),
(3053, 'Rádóckölked'),
(3054, 'Harasztifalu'),
(3055, 'Nagykölked'),
(3056, 'Sé'),
(3057, 'Dozmat'),
(3058, 'Torony'),
(3059, 'Bucsu'),
(3060, 'Narda'),
(3061, 'Felsőcsatár'),
(3062, 'Vaskeresztes'),
(3063, 'Horvátlövő'),
(3064, 'Pornóapáti'),
(3065, 'Nárai'),
(3066, 'Ják'),
(3067, 'Szentpéterfa'),
(3068, 'Vasvár'),
(3069, 'Andrásfa'),
(3070, 'Telekes'),
(3071, 'Gersekarát'),
(3072, 'Sárfimizdó'),
(3073, 'Halastó'),
(3074, 'Hegyhátszentpéter'),
(3075, 'Győrvár'),
(3076, 'Pácsony'),
(3077, 'Olaszfa'),
(3078, 'Oszkó'),
(3079, 'Petőmihályfa'),
(3080, 'Bérbaltavár'),
(3081, 'Nagytilaj'),
(3082, 'Csehi'),
(3083, 'Csehimindszent'),
(3084, 'Mikosszéplak'),
(3085, 'Csipkerek'),
(3086, 'Kám'),
(3087, 'Alsóújlak'),
(3088, 'Körmend'),
(3089, 'Magyarnádalja'),
(3090, 'Magyarszecsőd'),
(3091, 'Molnaszecsőd'),
(3092, 'Döröske'),
(3093, 'Szarvaskend'),
(3094, 'Nagymizdó'),
(3095, 'Döbörhegy'),
(3096, 'Nádasd'),
(3097, 'Katafa'),
(3098, 'Hegyháthodász'),
(3099, 'Hegyhátsál'),
(3100, 'Halogy'),
(3101, 'Daraboshegy'),
(3102, 'Felsőmarác'),
(3103, 'Csákánydoroszló'),
(3104, 'Vasalja'),
(3105, 'Pinkamindszent'),
(3106, 'Kemestaródfa'),
(3107, 'Ivánc'),
(3108, 'Hegyhátszentmárton'),
(3109, 'Viszák'),
(3110, 'Őrimagyarósd'),
(3111, 'Felsőjánosfa'),
(3112, 'Szaknyér'),
(3113, 'Hegyhátszentjakab'),
(3114, 'Szőce'),
(3115, 'Kisrákos'),
(3116, 'Pankasz'),
(3117, 'Szatta'),
(3118, 'Nagyrákos'),
(3119, 'Ispánk'),
(3120, 'Őriszentpéter'),
(3121, 'Szalafő'),
(3122, 'Kondorfa'),
(3123, 'Bajánsenye'),
(3124, 'Kerkáskápolna'),
(3125, 'Kercaszomor'),
(3126, 'Magyarszombatfa'),
(3127, 'Velemér'),
(3128, 'Rátót'),
(3129, 'Gasztony'),
(3130, 'Nemesmedves'),
(3131, 'Vasszentmihály'),
(3132, 'Rönök'),
(3133, 'Rábagyarmat'),
(3134, 'Csörötnek'),
(3135, 'Magyarlak'),
(3136, 'Szentgotthárd'),
(3137, 'Apátistvánfalva'),
(3138, 'Kétvölgy'),
(3139, 'Orfalu'),
(3140, 'Alsószölnök'),
(3141, 'Szakonyfalu'),
(3142, 'Felsőszölnök');

-- --------------------------------------------------------

--
-- Tábla szerkezet ehhez a táblához `users`
--

CREATE TABLE `users` (
  `userID` int(11) NOT NULL,
  `email` varchar(255) DEFAULT NULL,
  `password` varchar(128) DEFAULT NULL,
  `firstName` varchar(50) DEFAULT NULL,
  `lastName` varchar(50) DEFAULT NULL
) ENGINE=InnoDB DEFAULT CHARSET=utf8mb4 COLLATE=utf8mb4_general_ci;

--
-- A tábla adatainak kiíratása `users`
--

INSERT INTO `users` (`userID`, `email`, `password`, `firstName`, `lastName`) VALUES
(1, 'otpbank@gmail.com', '$2b$10$LJTAwgSnHwvROnsdEbeEGeL62Y0KLQjJIJqiHHxAmW2HzKZvVUsfa', 'Mihály', 'Vitézi'),
(2, 'burkolo-most@gmail.com', '$2b$10$sA3kxB6RtVg1Mgj0ViCmcOpTi9cLXaoe3r/GnXxnv/08W8ceSz0tm', 'Ábel', 'Szőlősi'),
(3, 'solisko@gmail.com', '$2b$10$RBXmz2ge8RU0hzdIYAnmGuQGfNmWL8L5VWvVubgP.Qr0.8kp3SvLu', 'Bertalan', 'Kiss');

--
-- Indexek a kiírt táblákhoz
--

--
-- A tábla indexei `advertisement`
--
ALTER TABLE `advertisement`
  ADD PRIMARY KEY (`advertisementID`),
  ADD KEY `companiesID` (`companiesID`),
  ADD KEY `categoryID` (`categoryID`),
  ADD KEY `locationID` (`locationID`);

--
-- A tábla indexei `applications`
--
ALTER TABLE `applications`
  ADD KEY `userID` (`userID`),
  ADD KEY `advertisementID` (`advertisementID`);

--
-- A tábla indexei `category`
--
ALTER TABLE `category`
  ADD PRIMARY KEY (`categoryID`);

--
-- A tábla indexei `companies`
--
ALTER TABLE `companies`
  ADD PRIMARY KEY (`companiesID`),
  ADD KEY `userID` (`userID`);

--
-- A tábla indexei `locations`
--
ALTER TABLE `locations`
  ADD PRIMARY KEY (`locationID`);

--
-- A tábla indexei `users`
--
ALTER TABLE `users`
  ADD PRIMARY KEY (`userID`);

--
-- A kiírt táblák AUTO_INCREMENT értéke
--

--
-- AUTO_INCREMENT a táblához `advertisement`
--
ALTER TABLE `advertisement`
  MODIFY `advertisementID` int(11) NOT NULL AUTO_INCREMENT, AUTO_INCREMENT=2212;

--
-- AUTO_INCREMENT a táblához `category`
--
ALTER TABLE `category`
  MODIFY `categoryID` int(11) NOT NULL AUTO_INCREMENT, AUTO_INCREMENT=19;

--
-- AUTO_INCREMENT a táblához `companies`
--
ALTER TABLE `companies`
  MODIFY `companiesID` int(11) NOT NULL AUTO_INCREMENT, AUTO_INCREMENT=4;

--
-- AUTO_INCREMENT a táblához `locations`
--
ALTER TABLE `locations`
  MODIFY `locationID` int(11) NOT NULL AUTO_INCREMENT, AUTO_INCREMENT=3143;

--
-- AUTO_INCREMENT a táblához `users`
--
ALTER TABLE `users`
  MODIFY `userID` int(11) NOT NULL AUTO_INCREMENT, AUTO_INCREMENT=4;

--
-- Megkötések a kiírt táblákhoz
--

--
-- Megkötések a táblához `advertisement`
--
ALTER TABLE `advertisement`
  ADD CONSTRAINT `advertisement_ibfk_1` FOREIGN KEY (`companiesID`) REFERENCES `companies` (`companiesID`),
  ADD CONSTRAINT `advertisement_ibfk_2` FOREIGN KEY (`categoryID`) REFERENCES `category` (`categoryID`),
  ADD CONSTRAINT `advertisement_ibfk_3` FOREIGN KEY (`locationID`) REFERENCES `locations` (`locationID`);

--
-- Megkötések a táblához `applications`
--
ALTER TABLE `applications`
  ADD CONSTRAINT `applications_ibfk_1` FOREIGN KEY (`userID`) REFERENCES `users` (`userID`),
  ADD CONSTRAINT `applications_ibfk_2` FOREIGN KEY (`advertisementID`) REFERENCES `advertisement` (`advertisementID`);

--
-- Megkötések a táblához `companies`
--
ALTER TABLE `companies`
  ADD CONSTRAINT `companies_ibfk_1` FOREIGN KEY (`userID`) REFERENCES `users` (`userID`);
COMMIT;

/*!40101 SET CHARACTER_SET_CLIENT=@OLD_CHARACTER_SET_CLIENT */;
/*!40101 SET CHARACTER_SET_RESULTS=@OLD_CHARACTER_SET_RESULTS */;
/*!40101 SET COLLATION_CONNECTION=@OLD_COLLATION_CONNECTION */;
